experiment,scenario,selector,N,seed,selected_candidate_id,selected_object_score,selected_real_utility,identity_error,swap_rate,merge_split_rate,property_error,property_entropy,occlusion_error,object_real_gap,candidate_mean_score,candidate_mean_real_utility,candidate_best_real_utility,regret,oracle_gap,upper_tail_rank_correlation,repair_tier,uses_real_utility_features,uses_hidden_features,hyperparameter_source,split_seed,final_test,original_target_id,counterfactual_target_id,n_objects
Q_counterfactual_target,target_id_1,raw,64,0,62,1.3037072540159298,0.0,1.0,1.0,1.0,0.0,0.18914104024487888,1.0,1.3037072540159298,0.6641634754661216,0.5233814843693897,0.9358197799866792,0.9358197799866792,0.9358197799866792,-0.6363032588383153,deployable_no_leak,False,False,none,-1,0,0,1,4
Q_counterfactual_target,target_id_1,observable_repair,64,0,0,1.1996561799353054,0.8924544435347675,0.0,0.0,0.0,0.0,0.1403191380980692,0.0,0.30720173640053783,0.6641634754661216,0.5233814843693897,0.9358197799866792,0.04336533645191165,0.04336533645191165,-0.6363032588383153,support_covered,False,True,fixed_predeclared,-1,0,0,1,4
Q_counterfactual_target,target_id_1,combined_repair,64,0,43,1.160823730491512,0.9255989687948636,0.0,0.0,0.0,0.0,0.12576918964809874,0.0,0.23522476169664852,0.6641634754661216,0.5233814843693897,0.9358197799866792,0.010220811191815615,0.010220811191815615,-0.6363032588383153,oracle_upper_bound,False,True,fixed_predeclared,-1,0,0,1,4
Q_counterfactual_target,target_id_1,random,64,0,32,0.9183395965441841,0.11337446044678035,1.0,1.0,0.0,0.0,0.25200431108127597,1.0,0.8049651360974037,0.6641634754661216,0.5233814843693897,0.9358197799866792,0.8224453195398989,0.8224453195398989,-0.6363032588383153,deployable_no_leak,False,False,none,-1,0,0,1,4
Q_counterfactual_target,target_id_1,oracle,64,0,29,0.9358197799866792,0.9358197799866792,0.0,0.0,0.0,0.0,0.13728090441928292,0.0,0.0,0.6641634754661216,0.5233814843693897,0.9358197799866792,0.0,0.0,-0.6363032588383153,oracle_upper_bound,True,True,eval_oracle,-1,0,0,1,4
Q_counterfactual_target,target_id_1,raw,64,1,6,1.35,0.0,1.0,0.0,1.0,1.0,0.6967950448689082,1.0,1.35,0.7516896165448004,0.40031072052734373,0.9242530354645181,0.9242530354645181,0.9242530354645181,-0.225047676716798,deployable_no_leak,False,False,none,-1,0,0,1,4
Q_counterfactual_target,target_id_1,observable_repair,64,1,58,1.18458682883942,0.8152503955132577,0.0,0.0,0.0,0.0,0.19267505526362066,0.0,0.3693364333261622,0.7516896165448004,0.40031072052734373,0.9242530354645181,0.10900263995126036,0.10900263995126036,-0.225047676716798,support_covered,False,True,fixed_predeclared,-1,0,0,1,4
Q_counterfactual_target,target_id_1,combined_repair,64,1,58,1.197768176782585,0.8152503955132577,0.0,0.0,0.0,0.0,0.19267505526362066,0.0,0.38251778126932723,0.7516896165448004,0.40031072052734373,0.9242530354645181,0.10900263995126036,0.10900263995126036,-0.225047676716798,oracle_upper_bound,False,True,fixed_predeclared,-1,0,0,1,4
Q_counterfactual_target,target_id_1,random,64,1,11,0.37938380215583534,0.9242530354645181,0.0,0.0,0.0,0.0,0.2362452202980584,0.0,-0.5448692333086828,0.7516896165448004,0.40031072052734373,0.9242530354645181,0.0,0.0,-0.225047676716798,deployable_no_leak,False,False,none,-1,0,0,1,4
Q_counterfactual_target,target_id_1,oracle,64,1,11,0.9242530354645181,0.9242530354645181,0.0,0.0,0.0,0.0,0.2362452202980584,0.0,0.0,0.7516896165448004,0.40031072052734373,0.9242530354645181,0.0,0.0,-0.225047676716798,oracle_upper_bound,True,True,eval_oracle,-1,0,0,1,4
Q_counterfactual_target,target_id_1,raw,64,2,52,1.3251879267978186,0.0,1.0,1.0,1.0,1.0,0.6856264787525269,1.0,1.3251879267978186,0.7200329099312761,0.39357897656496893,0.9357449937711168,0.9357449937711168,0.9357449937711168,-0.2577600974682181,deployable_no_leak,False,False,none,-1,0,0,1,4
Q_counterfactual_target,target_id_1,observable_repair,64,2,13,1.1957973182007897,0.7975815947622216,0.0,0.0,0.0,0.0,0.13686565388039176,0.0,0.39821572343856815,0.7200329099312761,0.39357897656496893,0.9357449937711168,0.13816339900889518,0.13816339900889518,-0.2577600974682181,support_covered,False,True,fixed_predeclared,-1,0,0,1,4
Q_counterfactual_target,target_id_1,combined_repair,64,2,13,1.2084348644840637,0.7975815947622216,0.0,0.0,0.0,0.0,0.13686565388039176,0.0,0.4108532697218421,0.7200329099312761,0.39357897656496893,0.9357449937711168,0.13816339900889518,0.13816339900889518,-0.2577600974682181,oracle_upper_bound,False,True,fixed_predeclared,-1,0,0,1,4
Q_counterfactual_target,target_id_1,random,64,2,60,0.775650399330666,0.562886326060893,0.0,0.0,0.0,1.0,0.7934131336866818,0.0,0.2127640732697731,0.7200329099312761,0.39357897656496893,0.9357449937711168,0.3728586677102238,0.3728586677102238,-0.2577600974682181,deployable_no_leak,False,False,none,-1,0,0,1,4
Q_counterfactual_target,target_id_1,oracle,64,2,28,0.9357449937711168,0.9357449937711168,0.0,0.0,0.0,0.0,0.25265699500169647,0.0,0.0,0.7200329099312761,0.39357897656496893,0.9357449937711168,0.0,0.0,-0.2577600974682181,oracle_upper_bound,True,True,eval_oracle,-1,0,0,1,4
Q_counterfactual_target,target_id_1,raw,64,3,29,1.3433387130677097,0.0,1.0,0.0,1.0,1.0,0.707499108179101,1.0,1.3433387130677097,0.7197497111762214,0.448049398971177,0.9172797529442946,0.9172797529442946,0.9172797529442946,-0.3905346067919472,deployable_no_leak,False,False,none,-1,0,0,1,4
Q_counterfactual_target,target_id_1,observable_repair,64,3,44,1.1970497900394026,0.8169241664370145,0.0,0.0,0.0,0.0,0.16405549939309946,0.0,0.3801256236023881,0.7197497111762214,0.448049398971177,0.9172797529442946,0.10035558650728016,0.10035558650728016,-0.3905346067919472,support_covered,False,True,fixed_predeclared,-1,0,0,1,4
Q_counterfactual_target,target_id_1,combined_repair,64,3,44,1.2119381509287577,0.8169241664370145,0.0,0.0,0.0,0.0,0.16405549939309946,0.0,0.3950139844917432,0.7197497111762214,0.448049398971177,0.9172797529442946,0.10035558650728016,0.10035558650728016,-0.3905346067919472,oracle_upper_bound,False,True,fixed_predeclared,-1,0,0,1,4
Q_counterfactual_target,target_id_1,random,64,3,50,0.34974986417202986,0.888436720062256,0.0,0.0,0.0,0.0,0.1665438849449187,0.0,-0.5386868558902262,0.7197497111762214,0.448049398971177,0.9172797529442946,0.0288430328820386,0.0288430328820386,-0.3905346067919472,deployable_no_leak,False,False,none,-1,0,0,1,4
Q_counterfactual_target,target_id_1,oracle,64,3,47,0.9172797529442946,0.9172797529442946,0.0,0.0,0.0,0.0,0.159453835327755,0.0,0.0,0.7197497111762214,0.448049398971177,0.9172797529442946,0.0,0.0,-0.3905346067919472,oracle_upper_bound,True,True,eval_oracle,-1,0,0,1,4
Q_counterfactual_target,target_id_1,raw,64,4,26,1.2428507385655696,0.0,1.0,1.0,1.0,1.0,0.7296150289023464,1.0,1.2428507385655696,0.7403687922587078,0.4437999915540777,0.9285190081435013,0.9285190081435013,0.9285190081435013,-0.5081781494830606,deployable_no_leak,False,False,none,-1,0,0,1,4
Q_counterfactual_target,target_id_1,observable_repair,64,4,33,1.1943466102487166,0.9190993066724158,0.0,0.0,0.0,0.0,0.17821538201953724,0.0,0.2752473035763008,0.7403687922587078,0.4437999915540777,0.9285190081435013,0.009419701471085506,0.009419701471085506,-0.5081781494830606,support_covered,False,True,fixed_predeclared,-1,0,0,1,4
Q_counterfactual_target,target_id_1,combined_repair,64,4,51,1.190251066893046,0.8980759155962195,0.0,0.0,0.0,0.0,0.1685037622843325,0.0,0.2921751512968265,0.7403687922587078,0.4437999915540777,0.9285190081435013,0.030443092547281836,0.030443092547281836,-0.5081781494830606,oracle_upper_bound,False,True,fixed_predeclared,-1,0,0,1,4
Q_counterfactual_target,target_id_1,random,64,4,31,1.0034722332781223,0.07421978456156211,1.0,1.0,0.0,0.0,0.1956281989422616,1.0,0.9292524487165602,0.7403687922587078,0.4437999915540777,0.9285190081435013,0.8542992235819392,0.8542992235819392,-0.5081781494830606,deployable_no_leak,False,False,none,-1,0,0,1,4
Q_counterfactual_target,target_id_1,oracle,64,4,18,0.9285190081435013,0.9285190081435013,0.0,0.0,0.0,0.0,0.16972595242953276,0.0,0.0,0.7403687922587078,0.4437999915540777,0.9285190081435013,0.0,0.0,-0.5081781494830606,oracle_upper_bound,True,True,eval_oracle,-1,0,0,1,4
Q_counterfactual_target,target_id_1,raw,64,5,40,1.1655541107695262,0.0,1.0,1.0,1.0,0.0,0.151747059651647,1.0,1.1655541107695262,0.6831253515518334,0.418806835356839,0.9252950052027553,0.9252950052027553,0.9252950052027553,-0.32092968651082004,deployable_no_leak,False,False,none,-1,0,0,1,4
Q_counterfactual_target,target_id_1,observable_repair,64,5,55,1.1953965890742955,0.763920512553485,0.0,0.0,0.0,0.0,0.14597453880745204,0.0,0.43147607652081044,0.6831253515518334,0.418806835356839,0.9252950052027553,0.16137449264927028,0.16137449264927028,-0.32092968651082004,support_covered,False,True,fixed_predeclared,-1,0,0,1,4
Q_counterfactual_target,target_id_1,combined_repair,64,5,55,1.2086643470760434,0.763920512553485,0.0,0.0,0.0,0.0,0.14597453880745204,0.0,0.4447438345225584,0.6831253515518334,0.418806835356839,0.9252950052027553,0.16137449264927028,0.16137449264927028,-0.32092968651082004,oracle_upper_bound,False,True,fixed_predeclared,-1,0,0,1,4
Q_counterfactual_target,target_id_1,random,64,5,3,0.6161047064638234,0.8356140533551821,0.0,0.0,0.0,0.0,0.1526581247899987,0.0,-0.2195093468913587,0.6831253515518334,0.418806835356839,0.9252950052027553,0.08968095184757319,0.08968095184757319,-0.32092968651082004,deployable_no_leak,False,False,none,-1,0,0,1,4
Q_counterfactual_target,target_id_1,oracle,64,5,60,0.9252950052027553,0.9252950052027553,0.0,0.0,0.0,0.0,0.13195355777446913,0.0,0.0,0.6831253515518334,0.418806835356839,0.9252950052027553,0.0,0.0,-0.32092968651082004,oracle_upper_bound,True,True,eval_oracle,-1,0,0,1,4
Q_counterfactual_target,target_id_1,raw,64,6,13,1.2773558762111314,0.0,1.0,0.0,1.0,1.0,0.6787861473763539,1.0,1.2773558762111314,0.7372899414016264,0.410956942363474,0.9029079916202187,0.9029079916202187,0.9029079916202187,-0.22458470385388732,deployable_no_leak,False,False,none,-1,0,0,1,4
Q_counterfactual_target,target_id_1,observable_repair,64,6,41,1.1970624886754857,0.788420005550037,0.0,0.0,0.0,0.0,0.140671235458556,0.0,0.4086424831254487,0.7372899414016264,0.410956942363474,0.9029079916202187,0.11448798607018174,0.11448798607018174,-0.22458470385388732,support_covered,False,True,fixed_predeclared,-1,0,0,1,4
Q_counterfactual_target,target_id_1,combined_repair,64,6,41,1.2095957287808252,0.788420005550037,0.0,0.0,0.0,0.0,0.140671235458556,0.0,0.4211757232307882,0.7372899414016264,0.410956942363474,0.9029079916202187,0.11448798607018174,0.11448798607018174,-0.22458470385388732,oracle_upper_bound,False,True,fixed_predeclared,-1,0,0,1,4
Q_counterfactual_target,target_id_1,random,64,6,41,0.6093751436662597,0.788420005550037,0.0,0.0,0.0,0.0,0.140671235458556,0.0,-0.17904486188377733,0.7372899414016264,0.410956942363474,0.9029079916202187,0.11448798607018174,0.11448798607018174,-0.22458470385388732,deployable_no_leak,False,False,none,-1,0,0,1,4
Q_counterfactual_target,target_id_1,oracle,64,6,12,0.9029079916202187,0.9029079916202187,0.0,0.0,0.0,0.0,0.19323116060180673,0.0,0.0,0.7372899414016264,0.410956942363474,0.9029079916202187,0.0,0.0,-0.22458470385388732,oracle_upper_bound,True,True,eval_oracle,-1,0,0,1,4
Q_counterfactual_target,target_id_1,raw,64,7,58,1.3434231043738638,0.0,1.0,0.0,1.0,1.0,0.7500672725257407,1.0,1.3434231043738638,0.7053458371592204,0.4184393707993443,0.9287512886278605,0.9287512886278605,0.9287512886278605,-0.6308226291935158,deployable_no_leak,False,False,none,-1,0,0,1,4
Q_counterfactual_target,target_id_1,observable_repair,64,7,13,1.1435431469700725,0.8472711156608388,0.0,0.0,0.0,0.0,0.12304390449099284,0.0,0.29627203130923374,0.7053458371592204,0.4184393707993443,0.9287512886278605,0.0814801729670217,0.0814801729670217,-0.6308226291935158,support_covered,False,True,fixed_predeclared,-1,0,0,1,4
Q_counterfactual_target,target_id_1,combined_repair,64,7,13,1.1410028828336598,0.8472711156608388,0.0,0.0,0.0,0.0,0.12304390449099284,0.0,0.293731767172821,0.7053458371592204,0.4184393707993443,0.9287512886278605,0.0814801729670217,0.0814801729670217,-0.6308226291935158,oracle_upper_bound,False,True,fixed_predeclared,-1,0,0,1,4
Q_counterfactual_target,target_id_1,random,64,7,60,0.6042708562622385,0.0,0.0,0.0,1.0,0.0,0.19202949888897625,0.0,0.6042708562622385,0.7053458371592204,0.4184393707993443,0.9287512886278605,0.9287512886278605,0.9287512886278605,-0.6308226291935158,deployable_no_leak,False,False,none,-1,0,0,1,4
Q_counterfactual_target,target_id_1,oracle,64,7,33,0.9287512886278605,0.9287512886278605,0.0,0.0,0.0,0.0,0.24139059237569202,0.0,0.0,0.7053458371592204,0.4184393707993443,0.9287512886278605,0.0,0.0,-0.6308226291935158,oracle_upper_bound,True,True,eval_oracle,-1,0,0,1,4
Q_counterfactual_target,target_id_1,raw,64,8,57,1.2814060099680429,0.0,1.0,1.0,1.0,1.0,0.7908257627134786,1.0,1.2814060099680429,0.6888673378900556,0.5101438390517139,0.909377279059034,0.909377279059034,0.909377279059034,-0.26215785175628564,deployable_no_leak,False,False,none,-1,0,0,1,4
Q_counterfactual_target,target_id_1,observable_repair,64,8,17,1.209918841642647,0.7938029410956975,0.0,0.0,0.0,0.0,0.0935829049761824,0.0,0.41611590054694947,0.6888673378900556,0.5101438390517139,0.909377279059034,0.1155743379633365,0.1155743379633365,-0.26215785175628564,support_covered,False,True,fixed_predeclared,-1,0,0,1,4
Q_counterfactual_target,target_id_1,combined_repair,64,8,17,1.223625463131375,0.7938029410956975,0.0,0.0,0.0,0.0,0.0935829049761824,0.0,0.4298225220356775,0.6888673378900556,0.5101438390517139,0.909377279059034,0.1155743379633365,0.1155743379633365,-0.26215785175628564,oracle_upper_bound,False,True,fixed_predeclared,-1,0,0,1,4
Q_counterfactual_target,target_id_1,random,64,8,60,0.6539610456592413,0.7569545512153566,0.0,0.0,0.0,0.0,0.23304021626780347,0.0,-0.1029935055561153,0.6888673378900556,0.5101438390517139,0.909377279059034,0.15242272784367739,0.15242272784367739,-0.26215785175628564,deployable_no_leak,False,False,none,-1,0,0,1,4
Q_counterfactual_target,target_id_1,oracle,64,8,59,0.909377279059034,0.909377279059034,0.0,0.0,0.0,0.0,0.1258151403568737,0.0,0.0,0.6888673378900556,0.5101438390517139,0.909377279059034,0.0,0.0,-0.26215785175628564,oracle_upper_bound,True,True,eval_oracle,-1,0,0,1,4
Q_counterfactual_target,target_id_1,raw,64,9,42,1.3187849200205706,0.0,1.0,1.0,1.0,1.0,0.675964288380017,1.0,1.3187849200205706,0.7191250738353371,0.4224204240524771,0.9245238218412988,0.9245238218412988,0.9245238218412988,-0.31447057992712635,deployable_no_leak,False,False,none,-1,0,0,1,4
Q_counterfactual_target,target_id_1,observable_repair,64,9,29,1.1767716915436852,0.8656782141217392,0.0,0.0,0.0,0.0,0.1678396189479517,0.0,0.31109347742194604,0.7191250738353371,0.4224204240524771,0.9245238218412988,0.0588456077195596,0.0588456077195596,-0.31447057992712635,support_covered,False,True,fixed_predeclared,-1,0,0,1,4
Q_counterfactual_target,target_id_1,combined_repair,64,9,29,1.1863551736717337,0.8656782141217392,0.0,0.0,0.0,0.0,0.1678396189479517,0.0,0.32067695954999453,0.7191250738353371,0.4224204240524771,0.9245238218412988,0.0588456077195596,0.0588456077195596,-0.31447057992712635,oracle_upper_bound,False,True,fixed_predeclared,-1,0,0,1,4
Q_counterfactual_target,target_id_1,random,64,9,52,0.9718442326268829,0.0,1.0,1.0,1.0,0.0,0.12570432411416782,1.0,0.9718442326268829,0.7191250738353371,0.4224204240524771,0.9245238218412988,0.9245238218412988,0.9245238218412988,-0.31447057992712635,deployable_no_leak,False,False,none,-1,0,0,1,4
Q_counterfactual_target,target_id_1,oracle,64,9,28,0.9245238218412988,0.9245238218412988,0.0,0.0,0.0,0.0,0.1298952580927242,0.0,0.0,0.7191250738353371,0.4224204240524771,0.9245238218412988,0.0,0.0,-0.31447057992712635,oracle_upper_bound,True,True,eval_oracle,-1,0,0,1,4
Q_counterfactual_target,target_id_1,raw,64,10,44,1.3227000346920192,0.0,1.0,1.0,1.0,1.0,0.759825883089708,1.0,1.3227000346920192,0.7352760977471344,0.4432163320721073,0.9185632265417694,0.9185632265417694,0.9185632265417694,-0.38815374616826565,deployable_no_leak,False,False,none,-1,0,0,1,4
Q_counterfactual_target,target_id_1,observable_repair,64,10,13,1.196311389328379,0.9004837467810226,0.0,0.0,0.0,0.0,0.1055596364175525,0.0,0.2958276425473564,0.7352760977471344,0.4432163320721073,0.9185632265417694,0.018079479760746753,0.018079479760746753,-0.38815374616826565,support_covered,False,True,fixed_predeclared,-1,0,0,1,4
Q_counterfactual_target,target_id_1,combined_repair,64,10,39,1.1839106724973971,0.8858796765843859,0.0,0.0,0.0,0.0,0.21222560691459308,0.0,0.2980309959130112,0.7352760977471344,0.4432163320721073,0.9185632265417694,0.03268354995738343,0.03268354995738343,-0.38815374616826565,oracle_upper_bound,False,True,fixed_predeclared,-1,0,0,1,4
Q_counterfactual_target,target_id_1,random,64,10,12,0.5370572811853739,0.8300570927292052,0.0,0.0,0.0,0.0,0.1835078390793193,0.0,-0.29299981154383137,0.7352760977471344,0.4432163320721073,0.9185632265417694,0.08850613381256411,0.08850613381256411,-0.38815374616826565,deployable_no_leak,False,False,none,-1,0,0,1,4
Q_counterfactual_target,target_id_1,oracle,64,10,24,0.9185632265417694,0.9185632265417694,0.0,0.0,0.0,0.0,0.19896168639398878,0.0,0.0,0.7352760977471344,0.4432163320721073,0.9185632265417694,0.0,0.0,-0.38815374616826565,oracle_upper_bound,True,True,eval_oracle,-1,0,0,1,4
Q_counterfactual_target,target_id_1,raw,64,11,7,1.2232275615290813,0.0,1.0,1.0,1.0,1.0,0.7518016529931956,1.0,1.2232275615290813,0.7715302313631995,0.3734460050838986,0.9159239618436181,0.9159239618436181,0.9159239618436181,-0.424106858159878,deployable_no_leak,False,False,none,-1,0,0,1,4
Q_counterfactual_target,target_id_1,observable_repair,64,11,47,1.2224400873644086,0.7475602832171201,0.0,0.0,0.0,0.0,0.10179306908959862,0.0,0.4748798041472885,0.7715302313631995,0.3734460050838986,0.9159239618436181,0.16836367862649804,0.16836367862649804,-0.424106858159878,support_covered,False,True,fixed_predeclared,-1,0,0,1,4
Q_counterfactual_target,target_id_1,combined_repair,64,11,1,1.1969436281793686,0.8281579505656691,0.0,0.0,0.0,0.0,0.16796066572864637,0.0,0.3687856776136995,0.7715302313631995,0.3734460050838986,0.9159239618436181,0.08776601127794903,0.08776601127794903,-0.424106858159878,oracle_upper_bound,False,True,fixed_predeclared,-1,0,0,1,4
Q_counterfactual_target,target_id_1,random,64,11,42,0.7562322776494353,0.4665913698241399,0.0,0.0,1.0,0.0,0.17834419083549277,0.0,0.28964090782529545,0.7715302313631995,0.3734460050838986,0.9159239618436181,0.4493325920194782,0.4493325920194782,-0.424106858159878,deployable_no_leak,False,False,none,-1,0,0,1,4
Q_counterfactual_target,target_id_1,oracle,64,11,49,0.9159239618436181,0.9159239618436181,0.0,0.0,0.0,0.0,0.20171957804322066,0.0,0.0,0.7715302313631995,0.3734460050838986,0.9159239618436181,0.0,0.0,-0.424106858159878,oracle_upper_bound,True,True,eval_oracle,-1,0,0,1,4
Q_counterfactual_target,target_id_1,raw,64,12,25,1.35,0.0,1.0,1.0,1.0,1.0,0.7869402178669609,1.0,1.35,0.7112568729191504,0.42907239085146,0.928900952983537,0.928900952983537,0.928900952983537,-0.3684877783297717,deployable_no_leak,False,False,none,-1,0,0,1,4
Q_counterfactual_target,target_id_1,observable_repair,64,12,51,1.2033632097183637,0.7508823232904253,0.0,0.0,0.0,0.0,0.15325369972777952,0.0,0.4524808864279385,0.7112568729191504,0.42907239085146,0.928900952983537,0.17801862969311177,0.17801862969311177,-0.3684877783297717,support_covered,False,True,fixed_predeclared,-1,0,0,1,4
Q_counterfactual_target,target_id_1,combined_repair,64,12,51,1.2179918422877847,0.7508823232904253,0.0,0.0,0.0,0.0,0.15325369972777952,0.0,0.4671095189973594,0.7112568729191504,0.42907239085146,0.928900952983537,0.17801862969311177,0.17801862969311177,-0.3684877783297717,oracle_upper_bound,False,True,fixed_predeclared,-1,0,0,1,4
Q_counterfactual_target,target_id_1,random,64,12,36,0.24996105902019455,0.928900952983537,0.0,0.0,0.0,0.0,0.2292327910348248,0.0,-0.6789398939633424,0.7112568729191504,0.42907239085146,0.928900952983537,0.0,0.0,-0.3684877783297717,deployable_no_leak,False,False,none,-1,0,0,1,4
Q_counterfactual_target,target_id_1,oracle,64,12,36,0.928900952983537,0.928900952983537,0.0,0.0,0.0,0.0,0.2292327910348248,0.0,0.0,0.7112568729191504,0.42907239085146,0.928900952983537,0.0,0.0,-0.3684877783297717,oracle_upper_bound,True,True,eval_oracle,-1,0,0,1,4
Q_counterfactual_target,target_id_1,raw,64,13,24,1.2441927731012765,0.0,1.0,1.0,1.0,0.0,0.1742470515023119,1.0,1.2441927731012765,0.704204795344542,0.4695577383112407,0.9183469913695064,0.9183469913695064,0.9183469913695064,-0.41497041935118284,deployable_no_leak,False,False,none,-1,0,0,1,4
Q_counterfactual_target,target_id_1,observable_repair,64,13,22,1.211733878113977,0.7161625800808975,0.0,0.0,0.0,0.0,0.15746644640541127,0.0,0.49557129803307953,0.704204795344542,0.4695577383112407,0.9183469913695064,0.20218441128860887,0.20218441128860887,-0.41497041935118284,support_covered,False,True,fixed_predeclared,-1,0,0,1,4
Q_counterfactual_target,target_id_1,combined_repair,64,13,22,1.228828730326353,0.7161625800808975,0.0,0.0,0.0,0.0,0.15746644640541127,0.0,0.5126661502454555,0.704204795344542,0.4695577383112407,0.9183469913695064,0.20218441128860887,0.20218441128860887,-0.41497041935118284,oracle_upper_bound,False,True,fixed_predeclared,-1,0,0,1,4
Q_counterfactual_target,target_id_1,random,64,13,3,0.5814597380395443,0.8110804086098948,0.0,0.0,0.0,0.0,0.1762340050430732,0.0,-0.22962067057035052,0.704204795344542,0.4695577383112407,0.9183469913695064,0.10726658275961154,0.10726658275961154,-0.41497041935118284,deployable_no_leak,False,False,none,-1,0,0,1,4
Q_counterfactual_target,target_id_1,oracle,64,13,44,0.9183469913695064,0.9183469913695064,0.0,0.0,0.0,0.0,0.1288829056313926,0.0,0.0,0.704204795344542,0.4695577383112407,0.9183469913695064,0.0,0.0,-0.41497041935118284,oracle_upper_bound,True,True,eval_oracle,-1,0,0,1,4
Q_counterfactual_target,target_id_1,raw,64,14,29,1.3227987347797436,0.0,1.0,1.0,1.0,1.0,0.751309252027385,1.0,1.3227987347797436,0.7199826858299436,0.4571170058284317,0.9223997090677595,0.9223997090677595,0.9223997090677595,-0.3118385930646542,deployable_no_leak,False,False,none,-1,0,0,1,4
Q_counterfactual_target,target_id_1,observable_repair,64,14,63,1.2140499400623674,0.8091316120911118,0.0,0.0,0.0,0.0,0.13380583557684536,0.0,0.4049183279712556,0.7199826858299436,0.4571170058284317,0.9223997090677595,0.11326809697664764,0.11326809697664764,-0.3118385930646542,support_covered,False,True,fixed_predeclared,-1,0,0,1,4
Q_counterfactual_target,target_id_1,combined_repair,64,14,63,1.2313818644645729,0.8091316120911118,0.0,0.0,0.0,0.0,0.13380583557684536,0.0,0.42225025237346103,0.7199826858299436,0.4571170058284317,0.9223997090677595,0.11326809697664764,0.11326809697664764,-0.3118385930646542,oracle_upper_bound,False,True,fixed_predeclared,-1,0,0,1,4
Q_counterfactual_target,target_id_1,random,64,14,46,0.8185002384288095,0.6130282383313087,0.0,0.0,0.0,1.0,0.6907619828422807,0.0,0.20547200009750077,0.7199826858299436,0.4571170058284317,0.9223997090677595,0.30937147073645077,0.30937147073645077,-0.3118385930646542,deployable_no_leak,False,False,none,-1,0,0,1,4
Q_counterfactual_target,target_id_1,oracle,64,14,7,0.9223997090677595,0.9223997090677595,0.0,0.0,0.0,0.0,0.15748794584119136,0.0,0.0,0.7199826858299436,0.4571170058284317,0.9223997090677595,0.0,0.0,-0.3118385930646542,oracle_upper_bound,True,True,eval_oracle,-1,0,0,1,4
Q_counterfactual_target,target_id_1,raw,64,15,12,1.245655604246017,0.0,1.0,1.0,1.0,0.0,0.20624783201018715,1.0,1.245655604246017,0.708425146361414,0.5030357415068453,0.9161504150161734,0.9161504150161734,0.9161504150161734,-0.6235592496315173,deployable_no_leak,False,False,none,-1,0,0,1,4
Q_counterfactual_target,target_id_1,observable_repair,64,15,21,1.2168288017539364,0.8025365014274727,0.0,0.0,0.0,0.0,0.11743131509015528,0.0,0.4142923003264637,0.708425146361414,0.5030357415068453,0.9161504150161734,0.11361391358870077,0.11361391358870077,-0.6235592496315173,support_covered,False,True,fixed_predeclared,-1,0,0,1,4
Q_counterfactual_target,target_id_1,combined_repair,64,15,21,1.2342199098764708,0.8025365014274727,0.0,0.0,0.0,0.0,0.11743131509015528,0.0,0.4316834084489981,0.708425146361414,0.5030357415068453,0.9161504150161734,0.11361391358870077,0.11361391358870077,-0.6235592496315173,oracle_upper_bound,False,True,fixed_predeclared,-1,0,0,1,4
Q_counterfactual_target,target_id_1,random,64,15,6,0.519214657940538,0.8185245462836517,0.0,0.0,0.0,1.0,0.6742898191935556,0.0,-0.2993098883431137,0.708425146361414,0.5030357415068453,0.9161504150161734,0.09762586873252177,0.09762586873252177,-0.6235592496315173,deployable_no_leak,False,False,none,-1,0,0,1,4
Q_counterfactual_target,target_id_1,oracle,64,15,22,0.9161504150161734,0.9161504150161734,0.0,0.0,0.0,0.0,0.16031796672425822,0.0,0.0,0.708425146361414,0.5030357415068453,0.9161504150161734,0.0,0.0,-0.6235592496315173,oracle_upper_bound,True,True,eval_oracle,-1,0,0,1,4
Q_counterfactual_target,target_id_1,raw,64,16,12,1.35,0.0,1.0,0.0,1.0,1.0,0.7645981694972306,1.0,1.35,0.7628815671210939,0.40683056725441824,0.9268348269939756,0.9268348269939756,0.9268348269939756,-0.01631316497856689,deployable_no_leak,False,False,none,-1,0,0,1,4
Q_counterfactual_target,target_id_1,observable_repair,64,16,2,1.1827751863331375,0.8667648492206764,0.0,0.0,0.0,0.0,0.1558575551718846,0.0,0.31601033711246107,0.7628815671210939,0.40683056725441824,0.9268348269939756,0.060069977773299144,0.060069977773299144,-0.01631316497856689,support_covered,False,True,fixed_predeclared,-1,0,0,1,4
Q_counterfactual_target,target_id_1,combined_repair,64,16,2,1.1934074856784802,0.8667648492206764,0.0,0.0,0.0,0.0,0.1558575551718846,0.0,0.3266426364578038,0.7628815671210939,0.40683056725441824,0.9268348269939756,0.060069977773299144,0.060069977773299144,-0.01631316497856689,oracle_upper_bound,False,True,fixed_predeclared,-1,0,0,1,4
Q_counterfactual_target,target_id_1,random,64,16,58,0.37351628549244814,0.8871696758997094,0.0,0.0,0.0,0.0,0.25026119767593835,0.0,-0.5136533904072613,0.7628815671210939,0.40683056725441824,0.9268348269939756,0.03966515109426616,0.03966515109426616,-0.01631316497856689,deployable_no_leak,False,False,none,-1,0,0,1,4
Q_counterfactual_target,target_id_1,oracle,64,16,45,0.9268348269939756,0.9268348269939756,0.0,0.0,0.0,0.0,0.19813701905577774,0.0,0.0,0.7628815671210939,0.40683056725441824,0.9268348269939756,0.0,0.0,-0.01631316497856689,oracle_upper_bound,True,True,eval_oracle,-1,0,0,1,4
Q_counterfactual_target,target_id_1,raw,64,17,47,1.2532700736759412,0.0,1.0,0.0,1.0,1.0,0.7675824009691397,1.0,1.2532700736759412,0.7609558443968996,0.394016870775192,0.8871876687906016,0.8871876687906016,0.8871876687906016,0.07918603185072595,deployable_no_leak,False,False,none,-1,0,0,1,4
Q_counterfactual_target,target_id_1,observable_repair,64,17,16,1.197898167031063,0.7384538991397658,0.0,0.0,0.0,0.0,0.15111832547727422,0.0,0.45944426789129733,0.7609558443968996,0.394016870775192,0.8871876687906016,0.14873376965083585,0.14873376965083585,0.07918603185072595,support_covered,False,True,fixed_predeclared,-1,0,0,1,4
Q_counterfactual_target,target_id_1,combined_repair,64,17,16,1.2109122720605823,0.7384538991397658,0.0,0.0,0.0,0.0,0.15111832547727422,0.0,0.4724583729208165,0.7609558443968996,0.394016870775192,0.8871876687906016,0.14873376965083585,0.14873376965083585,0.07918603185072595,oracle_upper_bound,False,True,fixed_predeclared,-1,0,0,1,4
Q_counterfactual_target,target_id_1,random,64,17,3,0.3931613941692281,0.872534080240737,0.0,0.0,0.0,0.0,0.2206312283928072,0.0,-0.4793726860715089,0.7609558443968996,0.394016870775192,0.8871876687906016,0.014653588549864649,0.014653588549864649,0.07918603185072595,deployable_no_leak,False,False,none,-1,0,0,1,4
Q_counterfactual_target,target_id_1,oracle,64,17,43,0.8871876687906016,0.8871876687906016,0.0,0.0,0.0,0.0,0.11593265941848105,0.0,0.0,0.7609558443968996,0.394016870775192,0.8871876687906016,0.0,0.0,0.07918603185072595,oracle_upper_bound,True,True,eval_oracle,-1,0,0,1,4
Q_counterfactual_target,target_id_1,raw,64,18,48,1.2774418191466108,0.0,1.0,1.0,1.0,1.0,0.6758598652312774,1.0,1.2774418191466108,0.715217674646004,0.4943632655756754,0.9319754266422727,0.9319754266422727,0.9319754266422727,-0.3506493943950067,deployable_no_leak,False,False,none,-1,0,0,1,4
Q_counterfactual_target,target_id_1,observable_repair,64,18,14,1.1755635038294088,0.9113837223385681,0.0,0.0,0.0,0.0,0.1957031736167264,0.0,0.26417978149084065,0.715217674646004,0.4943632655756754,0.9319754266422727,0.020591704303704605,0.020591704303704605,-0.3506493943950067,support_covered,False,True,fixed_predeclared,-1,0,0,1,4
Q_counterfactual_target,target_id_1,combined_repair,64,18,14,1.1861584980703028,0.9113837223385681,0.0,0.0,0.0,0.0,0.1957031736167264,0.0,0.2747747757317347,0.715217674646004,0.4943632655756754,0.9319754266422727,0.020591704303704605,0.020591704303704605,-0.3506493943950067,oracle_upper_bound,False,True,fixed_predeclared,-1,0,0,1,4
Q_counterfactual_target,target_id_1,random,64,18,45,0.3844370355126656,0.6782713575231195,0.0,0.0,0.0,1.0,0.7465789991854068,0.0,-0.2938343220104539,0.715217674646004,0.4943632655756754,0.9319754266422727,0.2537040691191532,0.2537040691191532,-0.3506493943950067,deployable_no_leak,False,False,none,-1,0,0,1,4
Q_counterfactual_target,target_id_1,oracle,64,18,4,0.9319754266422727,0.9319754266422727,0.0,0.0,0.0,0.0,0.20426383169755463,0.0,0.0,0.715217674646004,0.4943632655756754,0.9319754266422727,0.0,0.0,-0.3506493943950067,oracle_upper_bound,True,True,eval_oracle,-1,0,0,1,4
Q_counterfactual_target,target_id_1,raw,64,19,51,1.35,0.0,1.0,1.0,1.0,1.0,0.7327107744047271,1.0,1.35,0.7749905348583366,0.4039500322353582,0.9224630591716361,0.9224630591716361,0.9224630591716361,-0.4173860856296838,deployable_no_leak,False,False,none,-1,0,0,1,4
Q_counterfactual_target,target_id_1,observable_repair,64,19,26,1.1804184086803657,0.791682682908148,0.0,0.0,0.0,0.0,0.2129673065874985,0.0,0.3887357257722177,0.7749905348583366,0.4039500322353582,0.9224630591716361,0.13078037626348804,0.13078037626348804,-0.4173860856296838,support_covered,False,True,fixed_predeclared,-1,0,0,1,4
Q_counterfactual_target,target_id_1,combined_repair,64,19,26,1.1937751778264571,0.791682682908148,0.0,0.0,0.0,0.0,0.2129673065874985,0.0,0.4020924949183091,0.7749905348583366,0.4039500322353582,0.9224630591716361,0.13078037626348804,0.13078037626348804,-0.4173860856296838,oracle_upper_bound,False,True,fixed_predeclared,-1,0,0,1,4
Q_counterfactual_target,target_id_1,random,64,19,47,1.0006536686944965,0.11185015896410486,1.0,0.0,0.0,0.0,0.13637762376237053,1.0,0.8888035097303916,0.7749905348583366,0.4039500322353582,0.9224630591716361,0.8106129002075312,0.8106129002075312,-0.4173860856296838,deployable_no_leak,False,False,none,-1,0,0,1,4
Q_counterfactual_target,target_id_1,oracle,64,19,7,0.9224630591716361,0.9224630591716361,0.0,0.0,0.0,0.0,0.15323665523931357,0.0,0.0,0.7749905348583366,0.4039500322353582,0.9224630591716361,0.0,0.0,-0.4173860856296838,oracle_upper_bound,True,True,eval_oracle,-1,0,0,1,4
Q_counterfactual_target,target_id_1,raw,64,20,1,1.3390593194026097,0.0,1.0,1.0,1.0,1.0,0.755187009360124,1.0,1.3390593194026097,0.7065840425223837,0.4552676937180056,0.9313776811605842,0.9313776811605842,0.9313776811605842,-0.46645089272163903,deployable_no_leak,False,False,none,-1,0,0,1,4
Q_counterfactual_target,target_id_1,observable_repair,64,20,57,1.2062645237285183,0.8393088553450256,0.0,0.0,0.0,0.0,0.10993839247394932,0.0,0.3669556683834927,0.7065840425223837,0.4552676937180056,0.9313776811605842,0.09206882581555853,0.09206882581555853,-0.46645089272163903,support_covered,False,True,fixed_predeclared,-1,0,0,1,4
Q_counterfactual_target,target_id_1,combined_repair,64,20,57,1.220343416491675,0.8393088553450256,0.0,0.0,0.0,0.0,0.10993839247394932,0.0,0.38103456114664946,0.7065840425223837,0.4552676937180056,0.9313776811605842,0.09206882581555853,0.09206882581555853,-0.46645089272163903,oracle_upper_bound,False,True,fixed_predeclared,-1,0,0,1,4
Q_counterfactual_target,target_id_1,random,64,20,41,0.6583013529038171,0.1442028174457018,1.0,0.0,0.0,0.0,0.16190192394511693,1.0,0.5140985354581153,0.7065840425223837,0.4552676937180056,0.9313776811605842,0.7871748637148823,0.7871748637148823,-0.46645089272163903,deployable_no_leak,False,False,none,-1,0,0,1,4
Q_counterfactual_target,target_id_1,oracle,64,20,31,0.9313776811605842,0.9313776811605842,0.0,0.0,0.0,0.0,0.15885849800955829,0.0,0.0,0.7065840425223837,0.4552676937180056,0.9313776811605842,0.0,0.0,-0.46645089272163903,oracle_upper_bound,True,True,eval_oracle,-1,0,0,1,4
Q_counterfactual_target,target_id_1,raw,64,21,7,1.35,0.0,1.0,1.0,1.0,1.0,0.7668925148751317,1.0,1.35,0.7308008394642742,0.43399016584895983,0.9158417785295754,0.9158417785295754,0.9158417785295754,-0.6688130001325836,deployable_no_leak,False,False,none,-1,0,0,1,4
Q_counterfactual_target,target_id_1,observable_repair,64,21,63,1.2053867305151889,0.8684939371930652,0.0,0.0,0.0,0.0,0.12006113207438429,0.0,0.33689279332212363,0.7308008394642742,0.43399016584895983,0.9158417785295754,0.047347841336510155,0.047347841336510155,-0.6688130001325836,support_covered,False,True,fixed_predeclared,-1,0,0,1,4
Q_counterfactual_target,target_id_1,combined_repair,64,21,63,1.2194540333021981,0.8684939371930652,0.0,0.0,0.0,0.0,0.12006113207438429,0.0,0.3509600961091329,0.7308008394642742,0.43399016584895983,0.9158417785295754,0.047347841336510155,0.047347841336510155,-0.6688130001325836,oracle_upper_bound,False,True,fixed_predeclared,-1,0,0,1,4
Q_counterfactual_target,target_id_1,random,64,21,45,0.7168600361387804,0.0,0.0,0.0,1.0,0.0,0.1525806943226863,0.0,0.7168600361387804,0.7308008394642742,0.43399016584895983,0.9158417785295754,0.9158417785295754,0.9158417785295754,-0.6688130001325836,deployable_no_leak,False,False,none,-1,0,0,1,4
Q_counterfactual_target,target_id_1,oracle,64,21,9,0.9158417785295754,0.9158417785295754,0.0,0.0,0.0,0.0,0.1104124834425196,0.0,0.0,0.7308008394642742,0.43399016584895983,0.9158417785295754,0.0,0.0,-0.6688130001325836,oracle_upper_bound,True,True,eval_oracle,-1,0,0,1,4
Q_counterfactual_target,target_id_1,raw,64,22,22,1.35,0.0,1.0,1.0,1.0,1.0,0.7369604690655639,1.0,1.35,0.7718185455169333,0.37358673449661856,0.9278641562410406,0.9278641562410406,0.9278641562410406,-0.2903956469381117,deployable_no_leak,False,False,none,-1,0,0,1,4
Q_counterfactual_target,target_id_1,observable_repair,64,22,45,1.2073201385442869,0.7989865574378616,0.0,0.0,0.0,0.0,0.14699591882076377,0.0,0.40833358110642526,0.7718185455169333,0.37358673449661856,0.9278641562410406,0.12887759880317895,0.12887759880317895,-0.2903956469381117,support_covered,False,True,fixed_predeclared,-1,0,0,1,4
Q_counterfactual_target,target_id_1,combined_repair,64,22,45,1.2238860135046414,0.7989865574378616,0.0,0.0,0.0,0.0,0.14699591882076377,0.0,0.4248994560667798,0.7718185455169333,0.37358673449661856,0.9278641562410406,0.12887759880317895,0.12887759880317895,-0.2903956469381117,oracle_upper_bound,False,True,fixed_predeclared,-1,0,0,1,4
Q_counterfactual_target,target_id_1,random,64,22,61,0.3960952500427757,0.8785143984545638,0.0,0.0,0.0,0.0,0.09250698477636297,0.0,-0.4824191484117881,0.7718185455169333,0.37358673449661856,0.9278641562410406,0.04934975778647677,0.04934975778647677,-0.2903956469381117,deployable_no_leak,False,False,none,-1,0,0,1,4
Q_counterfactual_target,target_id_1,oracle,64,22,24,0.9278641562410406,0.9278641562410406,0.0,0.0,0.0,0.0,0.1143423129905161,0.0,0.0,0.7718185455169333,0.37358673449661856,0.9278641562410406,0.0,0.0,-0.2903956469381117,oracle_upper_bound,True,True,eval_oracle,-1,0,0,1,4
Q_counterfactual_target,target_id_1,raw,64,23,27,1.35,0.0,1.0,1.0,1.0,1.0,0.7464074011164799,1.0,1.35,0.7527281742980763,0.41256648378938643,0.9173770904703434,0.9173770904703434,0.9173770904703434,-0.5107467010847767,deployable_no_leak,False,False,none,-1,0,0,1,4
Q_counterfactual_target,target_id_1,observable_repair,64,23,45,1.1839483659351902,0.8040332703965072,0.0,0.0,0.0,0.0,0.1650152862637634,0.0,0.37991509553868297,0.7527281742980763,0.41256648378938643,0.9173770904703434,0.11334382007383625,0.11334382007383625,-0.5107467010847767,support_covered,False,True,fixed_predeclared,-1,0,0,1,4
Q_counterfactual_target,target_id_1,combined_repair,64,23,45,1.194996068621077,0.8040332703965072,0.0,0.0,0.0,0.0,0.1650152862637634,0.0,0.3909627982245698,0.7527281742980763,0.41256648378938643,0.9173770904703434,0.11334382007383625,0.11334382007383625,-0.5107467010847767,oracle_upper_bound,False,True,fixed_predeclared,-1,0,0,1,4
Q_counterfactual_target,target_id_1,random,64,23,39,1.1797508718570346,0.0,1.0,1.0,1.0,0.0,0.23056100128063317,1.0,1.1797508718570346,0.7527281742980763,0.41256648378938643,0.9173770904703434,0.9173770904703434,0.9173770904703434,-0.5107467010847767,deployable_no_leak,False,False,none,-1,0,0,1,4
Q_counterfactual_target,target_id_1,oracle,64,23,11,0.9173770904703434,0.9173770904703434,0.0,0.0,0.0,0.0,0.11003643574448412,0.0,0.0,0.7527281742980763,0.41256648378938643,0.9173770904703434,0.0,0.0,-0.5107467010847767,oracle_upper_bound,True,True,eval_oracle,-1,0,0,1,4
Q_counterfactual_target,target_id_1,raw,64,24,1,1.3168177487852577,0.0,1.0,1.0,1.0,1.0,0.751248719242779,1.0,1.3168177487852577,0.7510270496725711,0.4474422961180714,0.9318521968605183,0.9318521968605183,0.9318521968605183,-0.5463356981863513,deployable_no_leak,False,False,none,-1,0,0,1,4
Q_counterfactual_target,target_id_1,observable_repair,64,24,49,1.195221936858657,0.7914975440365201,0.0,0.0,0.0,0.0,0.1553058653387514,0.0,0.4037243928221369,0.7510270496725711,0.4474422961180714,0.9318521968605183,0.14035465282399828,0.14035465282399828,-0.5463356981863513,support_covered,False,True,fixed_predeclared,-1,0,0,1,4
Q_counterfactual_target,target_id_1,combined_repair,64,24,49,1.209067053432953,0.7914975440365201,0.0,0.0,0.0,0.0,0.1553058653387514,0.0,0.417569509396433,0.7510270496725711,0.4474422961180714,0.9318521968605183,0.14035465282399828,0.14035465282399828,-0.5463356981863513,oracle_upper_bound,False,True,fixed_predeclared,-1,0,0,1,4
Q_counterfactual_target,target_id_1,random,64,24,32,0.6829106986828861,0.7673402312345886,0.0,0.0,0.0,0.0,0.2623907531794635,0.0,-0.08442953255170249,0.7510270496725711,0.4474422961180714,0.9318521968605183,0.16451196562592973,0.16451196562592973,-0.5463356981863513,deployable_no_leak,False,False,none,-1,0,0,1,4
Q_counterfactual_target,target_id_1,oracle,64,24,46,0.9318521968605183,0.9318521968605183,0.0,0.0,0.0,0.0,0.15362670475496604,0.0,0.0,0.7510270496725711,0.4474422961180714,0.9318521968605183,0.0,0.0,-0.5463356981863513,oracle_upper_bound,True,True,eval_oracle,-1,0,0,1,4
Q_counterfactual_target,target_id_1,raw,64,25,53,1.2468977796817082,0.0,1.0,1.0,1.0,1.0,0.7605447042622494,1.0,1.2468977796817082,0.7491575275571679,0.463576433233832,0.9191794168010236,0.9191794168010236,0.9191794168010236,-0.32553224508343614,deployable_no_leak,False,False,none,-1,0,0,1,4
Q_counterfactual_target,target_id_1,observable_repair,64,25,57,1.2156743938337944,0.7894179514541718,0.0,0.0,0.0,0.0,0.08700063326079724,0.0,0.42625644237962257,0.7491575275571679,0.463576433233832,0.9191794168010236,0.12976146534685173,0.12976146534685173,-0.32553224508343614,support_covered,False,True,fixed_predeclared,-1,0,0,1,4
Q_counterfactual_target,target_id_1,combined_repair,64,25,23,1.2270195613435289,0.8304428665039639,0.0,0.0,0.0,0.0,0.11671200802495256,0.0,0.3965766948395649,0.7491575275571679,0.463576433233832,0.9191794168010236,0.08873655029705962,0.08873655029705962,-0.32553224508343614,oracle_upper_bound,False,True,fixed_predeclared,-1,0,0,1,4
Q_counterfactual_target,target_id_1,random,64,25,54,1.0275921146028038,0.07457082177388,1.0,1.0,0.0,0.0,0.20035584421355299,1.0,0.9530212928289238,0.7491575275571679,0.463576433233832,0.9191794168010236,0.8446085950271436,0.8446085950271436,-0.32553224508343614,deployable_no_leak,False,False,none,-1,0,0,1,4
Q_counterfactual_target,target_id_1,oracle,64,25,16,0.9191794168010236,0.9191794168010236,0.0,0.0,0.0,0.0,0.17899046256754303,0.0,0.0,0.7491575275571679,0.463576433233832,0.9191794168010236,0.0,0.0,-0.32553224508343614,oracle_upper_bound,True,True,eval_oracle,-1,0,0,1,4
Q_counterfactual_target,target_id_1,raw,64,26,61,1.1931627273990735,0.0,1.0,0.0,1.0,0.0,0.1768652339368289,1.0,1.1931627273990735,0.8012722993403295,0.29977868423461834,0.9206716062751524,0.9206716062751524,0.9206716062751524,-0.43893051476792977,deployable_no_leak,False,False,none,-1,0,0,1,4
Q_counterfactual_target,target_id_1,observable_repair,64,26,17,1.1806053319279766,0.8292918978082996,0.0,0.0,0.0,0.0,0.17027777209428577,0.0,0.35131343411967697,0.8012722993403295,0.29977868423461834,0.9206716062751524,0.09137970846685284,0.09137970846685284,-0.43893051476792977,support_covered,False,True,fixed_predeclared,-1,0,0,1,4
Q_counterfactual_target,target_id_1,combined_repair,64,26,17,1.1914173511648842,0.8292918978082996,0.0,0.0,0.0,0.0,0.17027777209428577,0.0,0.36212545335658464,0.8012722993403295,0.29977868423461834,0.9206716062751524,0.09137970846685284,0.09137970846685284,-0.43893051476792977,oracle_upper_bound,False,True,fixed_predeclared,-1,0,0,1,4
Q_counterfactual_target,target_id_1,random,64,26,41,1.0895277702219412,0.0,1.0,1.0,1.0,0.0,0.22136408595044166,1.0,1.0895277702219412,0.8012722993403295,0.29977868423461834,0.9206716062751524,0.9206716062751524,0.9206716062751524,-0.43893051476792977,deployable_no_leak,False,False,none,-1,0,0,1,4
Q_counterfactual_target,target_id_1,oracle,64,26,34,0.9206716062751524,0.9206716062751524,0.0,0.0,0.0,0.0,0.14945851502300186,0.0,0.0,0.8012722993403295,0.29977868423461834,0.9206716062751524,0.0,0.0,-0.43893051476792977,oracle_upper_bound,True,True,eval_oracle,-1,0,0,1,4
Q_counterfactual_target,target_id_1,raw,64,27,41,1.35,0.0,1.0,1.0,1.0,1.0,0.7032226715511052,1.0,1.35,0.7518689840028372,0.4246249569437648,0.9251830335382462,0.9251830335382462,0.9251830335382462,-0.21794043562702753,deployable_no_leak,False,False,none,-1,0,0,1,4
Q_counterfactual_target,target_id_1,observable_repair,64,27,56,1.2008621469533804,0.7550600074899061,0.0,0.0,0.0,0.0,0.19411427261016861,0.0,0.44580213946347436,0.7518689840028372,0.4246249569437648,0.9251830335382462,0.17012302604834006,0.17012302604834006,-0.21794043562702753,support_covered,False,True,fixed_predeclared,-1,0,0,1,4
Q_counterfactual_target,target_id_1,combined_repair,64,27,56,1.2179244071518533,0.7550600074899061,0.0,0.0,0.0,0.0,0.19411427261016861,0.0,0.46286439966194726,0.7518689840028372,0.4246249569437648,0.9251830335382462,0.17012302604834006,0.17012302604834006,-0.21794043562702753,oracle_upper_bound,False,True,fixed_predeclared,-1,0,0,1,4
Q_counterfactual_target,target_id_1,random,64,27,47,0.6754963943656033,0.6634457937256893,0.0,0.0,0.0,1.0,0.690212773547862,0.0,0.012050600639913922,0.7518689840028372,0.4246249569437648,0.9251830335382462,0.2617372398125568,0.2617372398125568,-0.21794043562702753,deployable_no_leak,False,False,none,-1,0,0,1,4
Q_counterfactual_target,target_id_1,oracle,64,27,23,0.9251830335382462,0.9251830335382462,0.0,0.0,0.0,0.0,0.1648966238901945,0.0,0.0,0.7518689840028372,0.4246249569437648,0.9251830335382462,0.0,0.0,-0.21794043562702753,oracle_upper_bound,True,True,eval_oracle,-1,0,0,1,4
Q_counterfactual_target,target_id_1,raw,64,28,16,1.35,0.0,1.0,1.0,1.0,1.0,0.6989637537850957,1.0,1.35,0.7031503000633863,0.41527997058865485,0.9308604613496018,0.9308604613496018,0.9308604613496018,-0.39121311304006645,deployable_no_leak,False,False,none,-1,0,0,1,4
Q_counterfactual_target,target_id_1,observable_repair,64,28,0,1.2034881204289163,0.7412477321084163,0.0,0.0,0.0,0.0,0.12839512812833737,0.0,0.46224038832049996,0.7031503000633863,0.41527997058865485,0.9308604613496018,0.18961272924118544,0.18961272924118544,-0.39121311304006645,support_covered,False,True,fixed_predeclared,-1,0,0,1,4
Q_counterfactual_target,target_id_1,combined_repair,64,28,0,1.2172217295030192,0.7412477321084163,0.0,0.0,0.0,0.0,0.12839512812833737,0.0,0.4759739973946029,0.7031503000633863,0.41527997058865485,0.9308604613496018,0.18961272924118544,0.18961272924118544,-0.39121311304006645,oracle_upper_bound,False,True,fixed_predeclared,-1,0,0,1,4
Q_counterfactual_target,target_id_1,random,64,28,28,0.7063732777616225,0.5110594083712734,0.0,0.0,1.0,0.0,0.11571945926495367,0.0,0.19531386939034912,0.7031503000633863,0.41527997058865485,0.9308604613496018,0.41980105297832837,0.41980105297832837,-0.39121311304006645,deployable_no_leak,False,False,none,-1,0,0,1,4
Q_counterfactual_target,target_id_1,oracle,64,28,8,0.9308604613496018,0.9308604613496018,0.0,0.0,0.0,0.0,0.15791665196500115,0.0,0.0,0.7031503000633863,0.41527997058865485,0.9308604613496018,0.0,0.0,-0.39121311304006645,oracle_upper_bound,True,True,eval_oracle,-1,0,0,1,4
Q_counterfactual_target,target_id_1,raw,64,29,12,1.3164150555951954,0.0,1.0,1.0,1.0,1.0,0.7038407092324215,1.0,1.3164150555951954,0.7745514116764453,0.34827883880103105,0.9049509470839535,0.9049509470839535,0.9049509470839535,-0.46043970590902766,deployable_no_leak,False,False,none,-1,0,0,1,4
Q_counterfactual_target,target_id_1,observable_repair,64,29,42,1.200344873100073,0.731704292851478,0.0,0.0,0.0,0.0,0.16423913506043125,0.0,0.468640580248595,0.7745514116764453,0.34827883880103105,0.9049509470839535,0.17324665423247554,0.17324665423247554,-0.46043970590902766,support_covered,False,True,fixed_predeclared,-1,0,0,1,4
Q_counterfactual_target,target_id_1,combined_repair,64,29,42,1.2147609031171436,0.731704292851478,0.0,0.0,0.0,0.0,0.16423913506043125,0.0,0.4830566102656656,0.7745514116764453,0.34827883880103105,0.9049509470839535,0.17324665423247554,0.17324665423247554,-0.46043970590902766,oracle_upper_bound,False,True,fixed_predeclared,-1,0,0,1,4
Q_counterfactual_target,target_id_1,random,64,29,61,0.9030507861177269,0.2949546094989594,0.0,0.0,1.0,1.0,0.6832134950115446,0.0,0.6080961766187676,0.7745514116764453,0.34827883880103105,0.9049509470839535,0.6099963375849942,0.6099963375849942,-0.46043970590902766,deployable_no_leak,False,False,none,-1,0,0,1,4
Q_counterfactual_target,target_id_1,oracle,64,29,53,0.9049509470839535,0.9049509470839535,0.0,0.0,0.0,0.0,0.18129266641060823,0.0,0.0,0.7745514116764453,0.34827883880103105,0.9049509470839535,0.0,0.0,-0.46043970590902766,oracle_upper_bound,True,True,eval_oracle,-1,0,0,1,4
Q_counterfactual_target,target_id_1,raw,64,30,41,1.3485914934993866,0.0,1.0,1.0,1.0,1.0,0.7378655302981463,1.0,1.3485914934993866,0.7221349116967577,0.4856994608557884,0.9240112341638821,0.9240112341638821,0.9240112341638821,-0.5106227417674987,deployable_no_leak,False,False,none,-1,0,0,1,4
Q_counterfactual_target,target_id_1,observable_repair,64,30,45,1.18852802066936,0.8504807691042742,0.0,0.0,0.0,0.0,0.17090233340727193,0.0,0.33804725156508586,0.7221349116967577,0.4856994608557884,0.9240112341638821,0.07353046505960792,0.07353046505960792,-0.5106227417674987,support_covered,False,True,fixed_predeclared,-1,0,0,1,4
Q_counterfactual_target,target_id_1,combined_repair,64,30,45,1.2012876487783115,0.8504807691042742,0.0,0.0,0.0,0.0,0.17090233340727193,0.0,0.35080687967403734,0.7221349116967577,0.4856994608557884,0.9240112341638821,0.07353046505960792,0.07353046505960792,-0.5106227417674987,oracle_upper_bound,False,True,fixed_predeclared,-1,0,0,1,4
Q_counterfactual_target,target_id_1,random,64,30,2,0.714565482071219,0.14574577803058386,1.0,1.0,0.0,0.0,0.1971162352703228,1.0,0.5688197040406351,0.7221349116967577,0.4856994608557884,0.9240112341638821,0.7782654561332982,0.7782654561332982,-0.5106227417674987,deployable_no_leak,False,False,none,-1,0,0,1,4
Q_counterfactual_target,target_id_1,oracle,64,30,43,0.9240112341638821,0.9240112341638821,0.0,0.0,0.0,0.0,0.1470357449717153,0.0,0.0,0.7221349116967577,0.4856994608557884,0.9240112341638821,0.0,0.0,-0.5106227417674987,oracle_upper_bound,True,True,eval_oracle,-1,0,0,1,4
Q_counterfactual_target,target_id_1,raw,64,31,61,1.35,0.0,1.0,1.0,1.0,1.0,0.7398350626400283,1.0,1.35,0.7002507263630326,0.4155720675086711,0.9355676725558737,0.9355676725558737,0.9355676725558737,-0.16054998359396164,deployable_no_leak,False,False,none,-1,0,0,1,4
Q_counterfactual_target,target_id_1,observable_repair,64,31,15,1.1666412828689279,0.8811887680034847,0.0,0.0,0.0,0.0,0.12299773656608706,0.0,0.2854525148654432,0.7002507263630326,0.4155720675086711,0.9355676725558737,0.05437890455238903,0.05437890455238903,-0.16054998359396164,support_covered,False,True,fixed_predeclared,-1,0,0,1,4
Q_counterfactual_target,target_id_1,combined_repair,64,31,10,1.1717048255643054,0.8046131063229615,0.0,0.0,0.0,0.0,0.14277366469281474,0.0,0.367091719241344,0.7002507263630326,0.4155720675086711,0.9355676725558737,0.13095456623291224,0.13095456623291224,-0.16054998359396164,oracle_upper_bound,False,True,fixed_predeclared,-1,0,0,1,4
Q_counterfactual_target,target_id_1,random,64,31,28,0.2850268549121312,0.9068325196144787,0.0,0.0,0.0,0.0,0.16286628525687866,0.0,-0.6218056647023475,0.7002507263630326,0.4155720675086711,0.9355676725558737,0.028735152941394948,0.028735152941394948,-0.16054998359396164,deployable_no_leak,False,False,none,-1,0,0,1,4
Q_counterfactual_target,target_id_1,oracle,64,31,60,0.9355676725558737,0.9355676725558737,0.0,0.0,0.0,0.0,0.2356523476222518,0.0,0.0,0.7002507263630326,0.4155720675086711,0.9355676725558737,0.0,0.0,-0.16054998359396164,oracle_upper_bound,True,True,eval_oracle,-1,0,0,1,4
Q_counterfactual_target,target_id_1,raw,64,32,16,1.3307942724046664,0.0,1.0,1.0,1.0,1.0,0.7286957635384246,1.0,1.3307942724046664,0.7239653703196015,0.46232699312134806,0.920915391771651,0.920915391771651,0.920915391771651,-0.6582396375114616,deployable_no_leak,False,False,none,-1,0,0,1,4
Q_counterfactual_target,target_id_1,observable_repair,64,32,36,1.1759155708855888,0.8009047257065242,0.0,0.0,0.0,0.0,0.21232186944954487,0.0,0.3750108451790647,0.7239653703196015,0.46232699312134806,0.920915391771651,0.12001066606512689,0.12001066606512689,-0.6582396375114616,support_covered,False,True,fixed_predeclared,-1,0,0,1,4
Q_counterfactual_target,target_id_1,combined_repair,64,32,36,1.1870768044771827,0.8009047257065242,0.0,0.0,0.0,0.0,0.21232186944954487,0.0,0.3861720787706585,0.7239653703196015,0.46232699312134806,0.920915391771651,0.12001066606512689,0.12001066606512689,-0.6582396375114616,oracle_upper_bound,False,True,fixed_predeclared,-1,0,0,1,4
Q_counterfactual_target,target_id_1,random,64,32,52,0.5046655411139233,0.5518986136474404,0.0,0.0,1.0,0.0,0.2856916470642909,0.0,-0.04723307253351716,0.7239653703196015,0.46232699312134806,0.920915391771651,0.36901677812421063,0.36901677812421063,-0.6582396375114616,deployable_no_leak,False,False,none,-1,0,0,1,4
Q_counterfactual_target,target_id_1,oracle,64,32,57,0.920915391771651,0.920915391771651,0.0,0.0,0.0,0.0,0.21790380823421326,0.0,0.0,0.7239653703196015,0.46232699312134806,0.920915391771651,0.0,0.0,-0.6582396375114616,oracle_upper_bound,True,True,eval_oracle,-1,0,0,1,4
Q_counterfactual_target,target_id_1,raw,64,33,22,1.35,0.0,1.0,1.0,1.0,1.0,0.7619323856918527,1.0,1.35,0.7608628136695551,0.41515902728422127,0.9144628999097162,0.9144628999097162,0.9144628999097162,-0.4006550127850155,deployable_no_leak,False,False,none,-1,0,0,1,4
Q_counterfactual_target,target_id_1,observable_repair,64,33,42,1.2141406369427357,0.7830673542926274,0.0,0.0,0.0,0.0,0.13898577926961003,0.0,0.43107328265010825,0.7608628136695551,0.41515902728422127,0.9144628999097162,0.13139554561708877,0.13139554561708877,-0.4006550127850155,support_covered,False,True,fixed_predeclared,-1,0,0,1,4
Q_counterfactual_target,target_id_1,combined_repair,64,33,42,1.2312304326671124,0.7830673542926274,0.0,0.0,0.0,0.0,0.13898577926961003,0.0,0.448163078374485,0.7608628136695551,0.41515902728422127,0.9144628999097162,0.13139554561708877,0.13139554561708877,-0.4006550127850155,oracle_upper_bound,False,True,fixed_predeclared,-1,0,0,1,4
Q_counterfactual_target,target_id_1,random,64,33,8,0.44618962486956376,0.8523139941395664,0.0,0.0,0.0,0.0,0.1548158947497279,0.0,-0.40612436927000267,0.7608628136695551,0.41515902728422127,0.9144628999097162,0.062148905770149754,0.062148905770149754,-0.4006550127850155,deployable_no_leak,False,False,none,-1,0,0,1,4
Q_counterfactual_target,target_id_1,oracle,64,33,35,0.9144628999097162,0.9144628999097162,0.0,0.0,0.0,0.0,0.1881763297691676,0.0,0.0,0.7608628136695551,0.41515902728422127,0.9144628999097162,0.0,0.0,-0.4006550127850155,oracle_upper_bound,True,True,eval_oracle,-1,0,0,1,4
Q_counterfactual_target,target_id_1,raw,64,34,44,1.2793255386275442,0.0,1.0,0.0,1.0,1.0,0.717857191657388,1.0,1.2793255386275442,0.7169590050486561,0.4507957718388736,0.9131230224633397,0.9131230224633397,0.9131230224633397,-0.4532445171380534,deployable_no_leak,False,False,none,-1,0,0,1,4
Q_counterfactual_target,target_id_1,observable_repair,64,34,19,1.2076279179758505,0.6748232277860813,0.0,0.0,0.0,0.0,0.20220616077635134,0.0,0.5328046901897692,0.7169590050486561,0.4507957718388736,0.9131230224633397,0.23829979467725837,0.23829979467725837,-0.4532445171380534,support_covered,False,True,fixed_predeclared,-1,0,0,1,4
Q_counterfactual_target,target_id_1,combined_repair,64,34,62,1.1889170751454463,0.8077588026572821,0.0,0.0,0.0,0.0,0.15460906922351356,0.0,0.38115827248816425,0.7169590050486561,0.4507957718388736,0.9131230224633397,0.10536421980605759,0.10536421980605759,-0.4532445171380534,oracle_upper_bound,False,True,fixed_predeclared,-1,0,0,1,4
Q_counterfactual_target,target_id_1,random,64,34,21,0.7817793002906146,0.07347500780932362,1.0,0.0,0.0,0.0,0.23808867492960878,1.0,0.708304292481291,0.7169590050486561,0.4507957718388736,0.9131230224633397,0.8396480146540161,0.8396480146540161,-0.4532445171380534,deployable_no_leak,False,False,none,-1,0,0,1,4
Q_counterfactual_target,target_id_1,oracle,64,34,46,0.9131230224633397,0.9131230224633397,0.0,0.0,0.0,0.0,0.18082749432950695,0.0,0.0,0.7169590050486561,0.4507957718388736,0.9131230224633397,0.0,0.0,-0.4532445171380534,oracle_upper_bound,True,True,eval_oracle,-1,0,0,1,4
Q_counterfactual_target,target_id_1,raw,64,35,56,1.3453476175418502,0.0,1.0,0.0,1.0,1.0,0.7223577429232774,1.0,1.3453476175418502,0.6910880216537708,0.42611428230588955,0.9296447596504989,0.9296447596504989,0.9296447596504989,-0.5338967393748583,deployable_no_leak,False,False,none,-1,0,0,1,4
Q_counterfactual_target,target_id_1,observable_repair,64,35,43,1.190185307921079,0.7897664338290543,0.0,0.0,0.0,0.0,0.1632553781960919,0.0,0.4004188740920246,0.6910880216537708,0.42611428230588955,0.9296447596504989,0.13987832582144455,0.13987832582144455,-0.5338967393748583,support_covered,False,True,fixed_predeclared,-1,0,0,1,4
Q_counterfactual_target,target_id_1,combined_repair,64,35,43,1.2028036376538338,0.7897664338290543,0.0,0.0,0.0,0.0,0.1632553781960919,0.0,0.4130372038247795,0.6910880216537708,0.42611428230588955,0.9296447596504989,0.13987832582144455,0.13987832582144455,-0.5338967393748583,oracle_upper_bound,False,True,fixed_predeclared,-1,0,0,1,4
Q_counterfactual_target,target_id_1,random,64,35,61,0.7974503993383179,0.5321503544351689,0.0,0.0,0.0,1.0,0.7986316850499074,0.0,0.26530004490314896,0.6910880216537708,0.42611428230588955,0.9296447596504989,0.39749440521532997,0.39749440521532997,-0.5338967393748583,deployable_no_leak,False,False,none,-1,0,0,1,4
Q_counterfactual_target,target_id_1,oracle,64,35,57,0.9296447596504989,0.9296447596504989,0.0,0.0,0.0,0.0,0.23624083949958113,0.0,0.0,0.6910880216537708,0.42611428230588955,0.9296447596504989,0.0,0.0,-0.5338967393748583,oracle_upper_bound,True,True,eval_oracle,-1,0,0,1,4
Q_counterfactual_target,target_id_1,raw,64,36,13,1.292773148047678,0.0,1.0,1.0,1.0,1.0,0.7195260043714927,1.0,1.292773148047678,0.7359678820388034,0.41991126430954245,0.9210618376430874,0.9210618376430874,0.9210618376430874,-0.47307903254433264,deployable_no_leak,False,False,none,-1,0,0,1,4
Q_counterfactual_target,target_id_1,observable_repair,64,36,36,1.2137747224252229,0.787158270416618,0.0,0.0,0.0,0.0,0.17654766317622186,0.0,0.4266164520086049,0.7359678820388034,0.41991126430954245,0.9210618376430874,0.13390356722646934,0.13390356722646934,-0.47307903254433264,support_covered,False,True,fixed_predeclared,-1,0,0,1,4
Q_counterfactual_target,target_id_1,combined_repair,64,36,43,1.202410704686887,0.8452394503779186,0.0,0.0,0.0,0.0,0.13707076711571906,0.0,0.35717125430896846,0.7359678820388034,0.41991126430954245,0.9210618376430874,0.07582238726516877,0.07582238726516877,-0.47307903254433264,oracle_upper_bound,False,True,fixed_predeclared,-1,0,0,1,4
Q_counterfactual_target,target_id_1,random,64,36,49,0.5229856662265979,0.8841622734083181,0.0,0.0,0.0,0.0,0.203707098608676,0.0,-0.3611766071817202,0.7359678820388034,0.41991126430954245,0.9210618376430874,0.036899564234769255,0.036899564234769255,-0.47307903254433264,deployable_no_leak,False,False,none,-1,0,0,1,4
Q_counterfactual_target,target_id_1,oracle,64,36,17,0.9210618376430874,0.9210618376430874,0.0,0.0,0.0,0.0,0.19587134588008823,0.0,0.0,0.7359678820388034,0.41991126430954245,0.9210618376430874,0.0,0.0,-0.47307903254433264,oracle_upper_bound,True,True,eval_oracle,-1,0,0,1,4
Q_counterfactual_target,target_id_1,raw,64,37,41,1.331939978433297,0.0,1.0,1.0,1.0,1.0,0.7847972355197083,1.0,1.331939978433297,0.7771047829963925,0.38442154213834434,0.9200126498681181,0.9200126498681181,0.9200126498681181,-0.4459613888846441,deployable_no_leak,False,False,none,-1,0,0,1,4
Q_counterfactual_target,target_id_1,observable_repair,64,37,35,1.2137926544158952,0.8161598066147647,0.0,0.0,0.0,0.0,0.12237404241015974,0.0,0.3976328478011305,0.7771047829963925,0.38442154213834434,0.9200126498681181,0.10385284325335342,0.10385284325335342,-0.4459613888846441,support_covered,False,True,fixed_predeclared,-1,0,0,1,4
Q_counterfactual_target,target_id_1,combined_repair,64,37,35,1.2307408881851312,0.8161598066147647,0.0,0.0,0.0,0.0,0.12237404241015974,0.0,0.41458108157036644,0.7771047829963925,0.38442154213834434,0.9200126498681181,0.10385284325335342,0.10385284325335342,-0.4459613888846441,oracle_upper_bound,False,True,fixed_predeclared,-1,0,0,1,4
Q_counterfactual_target,target_id_1,random,64,37,19,1.00506687724675,0.0,1.0,1.0,0.0,1.0,0.672403302225455,1.0,1.00506687724675,0.7771047829963925,0.38442154213834434,0.9200126498681181,0.9200126498681181,0.9200126498681181,-0.4459613888846441,deployable_no_leak,False,False,none,-1,0,0,1,4
Q_counterfactual_target,target_id_1,oracle,64,37,14,0.9200126498681181,0.9200126498681181,0.0,0.0,0.0,0.0,0.19196152199044453,0.0,0.0,0.7771047829963925,0.38442154213834434,0.9200126498681181,0.0,0.0,-0.4459613888846441,oracle_upper_bound,True,True,eval_oracle,-1,0,0,1,4
Q_counterfactual_target,target_id_1,raw,64,38,2,1.1966503974745266,0.0,1.0,1.0,1.0,0.0,0.2043394265278517,1.0,1.1966503974745266,0.6887115780431647,0.4869474878450276,0.9309994609523681,0.9309994609523681,0.9309994609523681,-0.42421189875186877,deployable_no_leak,False,False,none,-1,0,0,1,4
Q_counterfactual_target,target_id_1,observable_repair,64,38,14,1.1784138774440196,0.8387917799649435,0.0,0.0,0.0,0.0,0.15200821655280677,0.0,0.3396220974790761,0.6887115780431647,0.4869474878450276,0.9309994609523681,0.0922076809874246,0.0922076809874246,-0.42421189875186877,support_covered,False,True,fixed_predeclared,-1,0,0,1,4
Q_counterfactual_target,target_id_1,combined_repair,64,38,14,1.1876328960256133,0.8387917799649435,0.0,0.0,0.0,0.0,0.15200821655280677,0.0,0.3488411160606698,0.6887115780431647,0.4869474878450276,0.9309994609523681,0.0922076809874246,0.0922076809874246,-0.42421189875186877,oracle_upper_bound,False,True,fixed_predeclared,-1,0,0,1,4
Q_counterfactual_target,target_id_1,random,64,38,28,0.429429565609828,0.4006988666442541,0.0,0.0,1.0,0.0,0.1606340585709043,0.0,0.028730698965573898,0.6887115780431647,0.4869474878450276,0.9309994609523681,0.530300594308114,0.530300594308114,-0.42421189875186877,deployable_no_leak,False,False,none,-1,0,0,1,4
Q_counterfactual_target,target_id_1,oracle,64,38,58,0.9309994609523681,0.9309994609523681,0.0,0.0,0.0,0.0,0.17280516236219257,0.0,0.0,0.6887115780431647,0.4869474878450276,0.9309994609523681,0.0,0.0,-0.42421189875186877,oracle_upper_bound,True,True,eval_oracle,-1,0,0,1,4
Q_counterfactual_target,target_id_1,raw,64,39,26,1.3260554681236134,0.0,1.0,1.0,1.0,1.0,0.6559293722921307,1.0,1.3260554681236134,0.7597163071628115,0.3542011280574312,0.9172003564755901,0.9172003564755901,0.9172003564755901,-0.06401051827770905,deployable_no_leak,False,False,none,-1,0,0,1,4
Q_counterfactual_target,target_id_1,observable_repair,64,39,36,1.2338137844017145,0.7791196575434651,0.0,0.0,0.0,0.0,0.11911480316542979,0.0,0.4546941268582494,0.7597163071628115,0.3542011280574312,0.9172003564755901,0.13808069893212493,0.13808069893212493,-0.06401051827770905,support_covered,False,True,fixed_predeclared,-1,0,0,1,4
Q_counterfactual_target,target_id_1,combined_repair,64,39,36,1.2555762713575533,0.7791196575434651,0.0,0.0,0.0,0.0,0.11911480316542979,0.0,0.4764566138140882,0.7597163071628115,0.3542011280574312,0.9172003564755901,0.13808069893212493,0.13808069893212493,-0.06401051827770905,oracle_upper_bound,False,True,fixed_predeclared,-1,0,0,1,4
Q_counterfactual_target,target_id_1,random,64,39,35,0.9269784634934625,0.0,0.0,0.0,1.0,0.0,0.17343633843581716,0.0,0.9269784634934625,0.7597163071628115,0.3542011280574312,0.9172003564755901,0.9172003564755901,0.9172003564755901,-0.06401051827770905,deployable_no_leak,False,False,none,-1,0,0,1,4
Q_counterfactual_target,target_id_1,oracle,64,39,27,0.9172003564755901,0.9172003564755901,0.0,0.0,0.0,0.0,0.09074910996150623,0.0,0.0,0.7597163071628115,0.3542011280574312,0.9172003564755901,0.0,0.0,-0.06401051827770905,oracle_upper_bound,True,True,eval_oracle,-1,0,0,1,4
Q_counterfactual_target,target_id_1,raw,64,40,24,1.3247841791098967,0.0,1.0,0.0,1.0,1.0,0.7512714762430469,1.0,1.3247841791098967,0.6776836337064234,0.5233476232986042,0.9238384197188568,0.9238384197188568,0.9238384197188568,-0.5531444963283889,deployable_no_leak,False,False,none,-1,0,0,1,4
Q_counterfactual_target,target_id_1,observable_repair,64,40,20,1.1787579746862435,0.8316054000145885,0.0,0.0,0.0,0.0,0.16824708889083748,0.0,0.34715257467165506,0.6776836337064234,0.5233476232986042,0.9238384197188568,0.09223301970426834,0.09223301970426834,-0.5531444963283889,support_covered,False,True,fixed_predeclared,-1,0,0,1,4
Q_counterfactual_target,target_id_1,combined_repair,64,40,20,1.1889516616698041,0.8316054000145885,0.0,0.0,0.0,0.0,0.16824708889083748,0.0,0.35734626165521566,0.6776836337064234,0.5233476232986042,0.9238384197188568,0.09223301970426834,0.09223301970426834,-0.5531444963283889,oracle_upper_bound,False,True,fixed_predeclared,-1,0,0,1,4
Q_counterfactual_target,target_id_1,random,64,40,45,0.6029889321474077,0.5775205202164966,0.0,0.0,0.0,1.0,0.6958655291227,0.0,0.025468411930911095,0.6776836337064234,0.5233476232986042,0.9238384197188568,0.34631789950236025,0.34631789950236025,-0.5531444963283889,deployable_no_leak,False,False,none,-1,0,0,1,4
Q_counterfactual_target,target_id_1,oracle,64,40,52,0.9238384197188568,0.9238384197188568,0.0,0.0,0.0,0.0,0.21680376673239504,0.0,0.0,0.6776836337064234,0.5233476232986042,0.9238384197188568,0.0,0.0,-0.5531444963283889,oracle_upper_bound,True,True,eval_oracle,-1,0,0,1,4
Q_counterfactual_target,target_id_1,raw,64,41,3,1.35,0.0,1.0,1.0,1.0,1.0,0.7419839416891392,1.0,1.35,0.7371746519802873,0.4241213501728831,0.9021469539135512,0.9021469539135512,0.9021469539135512,-0.57231155038099,deployable_no_leak,False,False,none,-1,0,0,1,4
Q_counterfactual_target,target_id_1,observable_repair,64,41,32,1.194173717749711,0.8679408156660477,0.0,0.0,0.0,0.0,0.2235130843546052,0.0,0.3262329020836632,0.7371746519802873,0.4241213501728831,0.9021469539135512,0.034206138247503404,0.034206138247503404,-0.57231155038099,support_covered,False,True,fixed_predeclared,-1,0,0,1,4
Q_counterfactual_target,target_id_1,combined_repair,64,41,43,1.171709414347983,0.8769995130468877,0.0,0.0,0.0,0.0,0.23366979185187145,0.0,0.2947099013010952,0.7371746519802873,0.4241213501728831,0.9021469539135512,0.02514744086666343,0.02514744086666343,-0.57231155038099,oracle_upper_bound,False,True,fixed_predeclared,-1,0,0,1,4
Q_counterfactual_target,target_id_1,random,64,41,17,0.926520120501356,0.225680079775813,0.0,0.0,1.0,1.0,0.7319144728192701,0.0,0.7008400407255431,0.7371746519802873,0.4241213501728831,0.9021469539135512,0.6764668741377382,0.6764668741377382,-0.57231155038099,deployable_no_leak,False,False,none,-1,0,0,1,4
Q_counterfactual_target,target_id_1,oracle,64,41,35,0.9021469539135512,0.9021469539135512,0.0,0.0,0.0,0.0,0.12386845588382742,0.0,0.0,0.7371746519802873,0.4241213501728831,0.9021469539135512,0.0,0.0,-0.57231155038099,oracle_upper_bound,True,True,eval_oracle,-1,0,0,1,4
Q_counterfactual_target,target_id_1,raw,64,42,52,1.2339400078479952,0.0,1.0,1.0,0.0,1.0,0.6745408035488367,1.0,1.2339400078479952,0.7044775251570681,0.43328321880254644,0.9330765333634384,0.9330765333634384,0.9330765333634384,-0.5317236602068635,deployable_no_leak,False,False,none,-1,0,0,1,4
Q_counterfactual_target,target_id_1,observable_repair,64,42,26,1.1863569337195083,0.8706884597656642,0.0,0.0,0.0,0.0,0.12381750522641846,0.0,0.3156684739538441,0.7044775251570681,0.43328321880254644,0.9330765333634384,0.06238807359777421,0.06238807359777421,-0.5317236602068635,support_covered,False,True,fixed_predeclared,-1,0,0,1,4
Q_counterfactual_target,target_id_1,combined_repair,64,42,26,1.1954669612742579,0.8706884597656642,0.0,0.0,0.0,0.0,0.12381750522641846,0.0,0.32477850150859366,0.7044775251570681,0.43328321880254644,0.9330765333634384,0.06238807359777421,0.06238807359777421,-0.5317236602068635,oracle_upper_bound,False,True,fixed_predeclared,-1,0,0,1,4
Q_counterfactual_target,target_id_1,random,64,42,35,1.0822636507958454,0.0,1.0,1.0,0.0,1.0,0.6671875549052175,1.0,1.0822636507958454,0.7044775251570681,0.43328321880254644,0.9330765333634384,0.9330765333634384,0.9330765333634384,-0.5317236602068635,deployable_no_leak,False,False,none,-1,0,0,1,4
Q_counterfactual_target,target_id_1,oracle,64,42,42,0.9330765333634384,0.9330765333634384,0.0,0.0,0.0,0.0,0.17268788589635609,0.0,0.0,0.7044775251570681,0.43328321880254644,0.9330765333634384,0.0,0.0,-0.5317236602068635,oracle_upper_bound,True,True,eval_oracle,-1,0,0,1,4
Q_counterfactual_target,target_id_1,raw,64,43,40,1.2899292061768555,0.0,1.0,0.0,1.0,1.0,0.7321621780088021,1.0,1.2899292061768555,0.7288525892365647,0.39653526154132956,0.9067984387832826,0.9067984387832826,0.9067984387832826,-0.21915592778136544,deployable_no_leak,False,False,none,-1,0,0,1,4
Q_counterfactual_target,target_id_1,observable_repair,64,43,46,1.1639377740708183,0.8260105192197478,0.0,0.0,0.0,0.0,0.16097633484571883,0.0,0.33792725485107056,0.7288525892365647,0.39653526154132956,0.9067984387832826,0.08078791956353482,0.08078791956353482,-0.21915592778136544,support_covered,False,True,fixed_predeclared,-1,0,0,1,4
Q_counterfactual_target,target_id_1,combined_repair,64,43,46,1.169057312352613,0.8260105192197478,0.0,0.0,0.0,0.0,0.16097633484571883,0.0,0.3430467931328651,0.7288525892365647,0.39653526154132956,0.9067984387832826,0.08078791956353482,0.08078791956353482,-0.21915592778136544,oracle_upper_bound,False,True,fixed_predeclared,-1,0,0,1,4
Q_counterfactual_target,target_id_1,random,64,43,6,0.8624462712959401,0.4897015584154007,0.0,0.0,1.0,0.0,0.1738992666681377,0.0,0.3727447128805394,0.7288525892365647,0.39653526154132956,0.9067984387832826,0.4170968803678819,0.4170968803678819,-0.21915592778136544,deployable_no_leak,False,False,none,-1,0,0,1,4
Q_counterfactual_target,target_id_1,oracle,64,43,34,0.9067984387832826,0.9067984387832826,0.0,0.0,0.0,0.0,0.17834778541588328,0.0,0.0,0.7288525892365647,0.39653526154132956,0.9067984387832826,0.0,0.0,-0.21915592778136544,oracle_upper_bound,True,True,eval_oracle,-1,0,0,1,4
Q_counterfactual_target,target_id_1,raw,64,44,53,1.3068573402831587,0.0,1.0,1.0,1.0,1.0,0.7461422938409917,1.0,1.3068573402831587,0.6851176781456113,0.5235655896039144,0.9255376681169606,0.9255376681169606,0.9255376681169606,-0.5605714174386516,deployable_no_leak,False,False,none,-1,0,0,1,4
Q_counterfactual_target,target_id_1,observable_repair,64,44,12,1.199584383577949,0.7831077212512507,0.0,0.0,0.0,0.0,0.21249544622655403,0.0,0.4164766623266982,0.6851176781456113,0.5235655896039144,0.9255376681169606,0.14242994686570987,0.14242994686570987,-0.5605714174386516,support_covered,False,True,fixed_predeclared,-1,0,0,1,4
Q_counterfactual_target,target_id_1,combined_repair,64,44,12,1.2182052262238263,0.7831077212512507,0.0,0.0,0.0,0.0,0.21249544622655403,0.0,0.4350975049725756,0.6851176781456113,0.5235655896039144,0.9255376681169606,0.14242994686570987,0.14242994686570987,-0.5605714174386516,oracle_upper_bound,False,True,fixed_predeclared,-1,0,0,1,4
Q_counterfactual_target,target_id_1,random,64,44,0,0.6382905338419574,0.6213132081202133,0.0,0.0,0.0,1.0,0.7314747106922217,0.0,0.016977325721744152,0.6851176781456113,0.5235655896039144,0.9255376681169606,0.3042244599967473,0.3042244599967473,-0.5605714174386516,deployable_no_leak,False,False,none,-1,0,0,1,4
Q_counterfactual_target,target_id_1,oracle,64,44,22,0.9255376681169606,0.9255376681169606,0.0,0.0,0.0,0.0,0.17728810181116983,0.0,0.0,0.6851176781456113,0.5235655896039144,0.9255376681169606,0.0,0.0,-0.5605714174386516,oracle_upper_bound,True,True,eval_oracle,-1,0,0,1,4
Q_counterfactual_target,target_id_1,raw,64,45,39,1.35,0.0,1.0,0.0,1.0,1.0,0.7676972398405242,1.0,1.35,0.7430685762518856,0.4373300053281336,0.9319276061689603,0.9319276061689603,0.9319276061689603,-0.48205696053587016,deployable_no_leak,False,False,none,-1,0,0,1,4
Q_counterfactual_target,target_id_1,observable_repair,64,45,43,1.1452980448471461,0.903827080671813,0.0,0.0,0.0,0.0,0.2260456621866915,0.0,0.2414709641753331,0.7430685762518856,0.4373300053281336,0.9319276061689603,0.028100525497147255,0.028100525497147255,-0.48205696053587016,support_covered,False,True,fixed_predeclared,-1,0,0,1,4
Q_counterfactual_target,target_id_1,combined_repair,64,45,43,1.1498413440797959,0.903827080671813,0.0,0.0,0.0,0.0,0.2260456621866915,0.0,0.24601426340798282,0.7430685762518856,0.4373300053281336,0.9319276061689603,0.028100525497147255,0.028100525497147255,-0.48205696053587016,oracle_upper_bound,False,True,fixed_predeclared,-1,0,0,1,4
Q_counterfactual_target,target_id_1,random,64,45,35,0.5064409917488749,0.8732139962556956,0.0,0.0,0.0,0.0,0.1651417930160201,0.0,-0.3667730045068207,0.7430685762518856,0.4373300053281336,0.9319276061689603,0.058713609913264686,0.058713609913264686,-0.48205696053587016,deployable_no_leak,False,False,none,-1,0,0,1,4
Q_counterfactual_target,target_id_1,oracle,64,45,49,0.9319276061689603,0.9319276061689603,0.0,0.0,0.0,0.0,0.08960870269091083,0.0,0.0,0.7430685762518856,0.4373300053281336,0.9319276061689603,0.0,0.0,-0.48205696053587016,oracle_upper_bound,True,True,eval_oracle,-1,0,0,1,4
Q_counterfactual_target,target_id_1,raw,64,46,29,1.3225894628380084,0.0,1.0,0.0,1.0,1.0,0.6739824390198477,1.0,1.3225894628380084,0.7249661651995718,0.3778231245290188,0.9345793793420044,0.9345793793420044,0.9345793793420044,-0.3441339531916614,deployable_no_leak,False,False,none,-1,0,0,1,4
Q_counterfactual_target,target_id_1,observable_repair,64,46,44,1.2008479547430444,0.7619839707614091,0.0,0.0,0.0,0.0,0.15242434997728335,0.0,0.4388639839816353,0.7249661651995718,0.3778231245290188,0.9345793793420044,0.1725954085805953,0.1725954085805953,-0.3441339531916614,support_covered,False,True,fixed_predeclared,-1,0,0,1,4
Q_counterfactual_target,target_id_1,combined_repair,64,46,44,1.2157348755379687,0.7619839707614091,0.0,0.0,0.0,0.0,0.15242434997728335,0.0,0.45375090477655955,0.7249661651995718,0.3778231245290188,0.9345793793420044,0.1725954085805953,0.1725954085805953,-0.3441339531916614,oracle_upper_bound,False,True,fixed_predeclared,-1,0,0,1,4
Q_counterfactual_target,target_id_1,random,64,46,38,0.8927429146996284,0.0,1.0,1.0,1.0,0.0,0.12050826179842777,1.0,0.8927429146996284,0.7249661651995718,0.3778231245290188,0.9345793793420044,0.9345793793420044,0.9345793793420044,-0.3441339531916614,deployable_no_leak,False,False,none,-1,0,0,1,4
Q_counterfactual_target,target_id_1,oracle,64,46,46,0.9345793793420044,0.9345793793420044,0.0,0.0,0.0,0.0,0.24831731334074153,0.0,0.0,0.7249661651995718,0.3778231245290188,0.9345793793420044,0.0,0.0,-0.3441339531916614,oracle_upper_bound,True,True,eval_oracle,-1,0,0,1,4
Q_counterfactual_target,target_id_1,raw,64,47,8,1.35,0.0,1.0,1.0,1.0,1.0,0.7310779193229416,1.0,1.35,0.7746376103447067,0.3831337103517406,0.9229933823349638,0.9229933823349638,0.9229933823349638,-0.22331565665611747,deployable_no_leak,False,False,none,-1,0,0,1,4
Q_counterfactual_target,target_id_1,observable_repair,64,47,33,1.1919626510808778,0.837755881463869,0.0,0.0,0.0,0.0,0.12573040271323832,0.0,0.3542067696170088,0.7746376103447067,0.3831337103517406,0.9229933823349638,0.08523750087109472,0.08523750087109472,-0.22331565665611747,support_covered,False,True,fixed_predeclared,-1,0,0,1,4
Q_counterfactual_target,target_id_1,combined_repair,64,47,33,1.2031271763289537,0.837755881463869,0.0,0.0,0.0,0.0,0.12573040271323832,0.0,0.3653712948650847,0.7746376103447067,0.3831337103517406,0.9229933823349638,0.08523750087109472,0.08523750087109472,-0.22331565665611747,oracle_upper_bound,False,True,fixed_predeclared,-1,0,0,1,4
Q_counterfactual_target,target_id_1,random,64,47,30,1.1842986138715503,0.0,1.0,1.0,1.0,0.0,0.2334361561080165,1.0,1.1842986138715503,0.7746376103447067,0.3831337103517406,0.9229933823349638,0.9229933823349638,0.9229933823349638,-0.22331565665611747,deployable_no_leak,False,False,none,-1,0,0,1,4
Q_counterfactual_target,target_id_1,oracle,64,47,12,0.9229933823349638,0.9229933823349638,0.0,0.0,0.0,0.0,0.18780041526834115,0.0,0.0,0.7746376103447067,0.3831337103517406,0.9229933823349638,0.0,0.0,-0.22331565665611747,oracle_upper_bound,True,True,eval_oracle,-1,0,0,1,4
