experiment,scenario,selector,N,seed,selected_candidate_id,selected_object_score,selected_real_utility,identity_error,swap_rate,merge_split_rate,property_error,property_entropy,occlusion_error,object_real_gap,candidate_mean_score,candidate_mean_real_utility,candidate_best_real_utility,regret,oracle_gap,upper_tail_rank_correlation,repair_tier,uses_real_utility_features,uses_hidden_features,hyperparameter_source,split_seed,final_test,n_objects,occlusion_flag,hidden_property_flag,crossing_flag,generator_scenario
P_domain_randomized_stress,domain_randomized,raw,64,0,41,1.2000751860741685,0.0,1.0,1.0,0.0,1.0,0.7077008262078636,1.0,1.2000751860741685,0.7220884725560087,0.39847628118753875,0.9137349878232954,0.9137349878232954,0.9137349878232954,-0.43244049850564464,deployable_no_leak,False,False,none,-1,0,6,1,1,1,raw
P_domain_randomized_stress,domain_randomized,observable_repair,64,0,25,1.1990573276694156,0.9137349878232954,0.0,0.0,0.0,0.0,0.2108554911391023,0.0,0.2853223398461202,0.7220884725560087,0.39847628118753875,0.9137349878232954,0.0,0.0,-0.43244049850564464,support_covered,False,True,fixed_predeclared,-1,0,6,1,1,1,raw
P_domain_randomized_stress,domain_randomized,combined_repair,64,0,25,1.3172182669917356,0.9137349878232954,0.0,0.0,0.0,0.0,0.2108554911391023,0.0,0.4034832791684402,0.7220884725560087,0.39847628118753875,0.9137349878232954,0.0,0.0,-0.43244049850564464,oracle_upper_bound,False,True,fixed_predeclared,-1,0,6,1,1,1,raw
P_domain_randomized_stress,domain_randomized,random,64,0,32,0.24442006054237778,0.7117222191468943,0.0,0.0,0.0,0.0,0.16309922421021184,0.0,-0.4673021586045165,0.7220884725560087,0.39847628118753875,0.9137349878232954,0.20201276867640117,0.20201276867640117,-0.43244049850564464,deployable_no_leak,False,False,none,-1,0,6,1,1,1,raw
P_domain_randomized_stress,domain_randomized,oracle,64,0,25,0.9137349878232954,0.9137349878232954,0.0,0.0,0.0,0.0,0.2108554911391023,0.0,0.0,0.7220884725560087,0.39847628118753875,0.9137349878232954,0.0,0.0,-0.43244049850564464,oracle_upper_bound,True,True,eval_oracle,-1,0,6,1,1,1,raw
P_domain_randomized_stress,domain_randomized,raw,64,1,46,1.0125113467358307,0.11321355654194903,1.0,1.0,0.0,0.0,0.15362763692151682,1.0,0.8992977901938817,0.6455965924176129,0.5091931025190888,0.9260944139042406,0.8128808573622917,0.8128808573622917,-0.4629178193190007,deployable_no_leak,False,False,none,-1,0,5,1,0,1,occlusion
P_domain_randomized_stress,domain_randomized,observable_repair,64,1,5,1.1959819548988868,0.8276956296573202,0.0,0.0,0.0,0.0,0.15994786940262035,0.0,0.36828632524156657,0.6455965924176129,0.5091931025190888,0.9260944139042406,0.09839878424692039,0.09839878424692039,-0.4629178193190007,support_covered,False,True,fixed_predeclared,-1,0,5,1,0,1,occlusion
P_domain_randomized_stress,domain_randomized,combined_repair,64,1,5,1.2105165383134062,0.8276956296573202,0.0,0.0,0.0,0.0,0.15994786940262035,0.0,0.382820908656086,0.6455965924176129,0.5091931025190888,0.9260944139042406,0.09839878424692039,0.09839878424692039,-0.4629178193190007,oracle_upper_bound,False,True,fixed_predeclared,-1,0,5,1,0,1,occlusion
P_domain_randomized_stress,domain_randomized,random,64,1,11,0.6008278169046437,0.6916184618362706,0.0,0.0,0.0,1.0,0.7307276621949327,0.0,-0.09079064493162692,0.6455965924176129,0.5091931025190888,0.9260944139042406,0.23447595206797,0.23447595206797,-0.4629178193190007,deployable_no_leak,False,False,none,-1,0,5,1,0,1,occlusion
P_domain_randomized_stress,domain_randomized,oracle,64,1,26,0.9260944139042406,0.9260944139042406,0.0,0.0,0.0,0.0,0.2181240402355509,0.0,0.0,0.6455965924176129,0.5091931025190888,0.9260944139042406,0.0,0.0,-0.4629178193190007,oracle_upper_bound,True,True,eval_oracle,-1,0,5,1,0,1,occlusion
P_domain_randomized_stress,domain_randomized,raw,64,2,53,1.1534934841277071,0.0,1.0,1.0,1.0,0.0,0.18251050675644795,0.0,1.1534934841277071,0.5624106179455384,0.6889390618436084,0.9183165643902174,0.9183165643902174,0.9183165643902174,-0.7243717267408513,deployable_no_leak,False,False,none,-1,0,6,0,1,0,hidden_property
P_domain_randomized_stress,domain_randomized,observable_repair,64,2,63,1.209979731485537,0.9183165643902174,0.0,0.0,0.0,0.0,0.17314644285139982,0.0,0.2916631670953196,0.5624106179455384,0.6889390618436084,0.9183165643902174,0.0,0.0,-0.7243717267408513,support_covered,False,True,fixed_predeclared,-1,0,6,0,1,0,hidden_property
P_domain_randomized_stress,domain_randomized,combined_repair,64,2,19,1.3294808640983782,0.8429204558692833,0.0,0.0,0.0,0.0,0.19556314076817147,0.0,0.48656040822909485,0.5624106179455384,0.6889390618436084,0.9183165643902174,0.07539610852093404,0.07539610852093404,-0.7243717267408513,oracle_upper_bound,False,True,fixed_predeclared,-1,0,6,0,1,0,hidden_property
P_domain_randomized_stress,domain_randomized,random,64,2,60,0.8022913167772892,0.01905202320695762,1.0,0.0,0.0,1.0,0.8146529352569953,0.0,0.7832392935703315,0.5624106179455384,0.6889390618436084,0.9183165643902174,0.8992645411832597,0.8992645411832597,-0.7243717267408513,deployable_no_leak,False,False,none,-1,0,6,0,1,0,hidden_property
P_domain_randomized_stress,domain_randomized,oracle,64,2,63,0.9183165643902174,0.9183165643902174,0.0,0.0,0.0,0.0,0.17314644285139982,0.0,0.0,0.5624106179455384,0.6889390618436084,0.9183165643902174,0.0,0.0,-0.7243717267408513,oracle_upper_bound,True,True,eval_oracle,-1,0,6,0,1,0,hidden_property
P_domain_randomized_stress,domain_randomized,raw,64,3,43,1.2411845286658592,0.0,1.0,0.0,1.0,1.0,0.6461532888556771,0.0,1.2411845286658592,0.6058928760699487,0.7021760742792519,0.9179235717927742,0.9179235717927742,0.9179235717927742,-0.8511384228334364,deployable_no_leak,False,False,none,-1,0,8,0,1,0,hidden_property
P_domain_randomized_stress,domain_randomized,observable_repair,64,3,47,1.2226755547321093,0.8141012162618568,0.0,0.0,0.0,0.0,0.10542374523527018,0.0,0.4085743384702525,0.6058928760699487,0.7021760742792519,0.9179235717927742,0.10382235553091734,0.10382235553091734,-0.8511384228334364,support_covered,False,True,fixed_predeclared,-1,0,8,0,1,0,hidden_property
P_domain_randomized_stress,domain_randomized,combined_repair,64,3,1,1.338863425348114,0.872445278687532,0.0,0.0,0.0,0.0,0.11553915313831037,0.0,0.466418146660582,0.6058928760699487,0.7021760742792519,0.9179235717927742,0.04547829310524221,0.04547829310524221,-0.8511384228334364,oracle_upper_bound,False,True,fixed_predeclared,-1,0,8,0,1,0,hidden_property
P_domain_randomized_stress,domain_randomized,random,64,3,50,0.4011061814495202,0.7832942742260123,0.0,0.0,0.0,0.0,0.16100312468894495,0.0,-0.38218809277649207,0.6058928760699487,0.7021760742792519,0.9179235717927742,0.1346292975667619,0.1346292975667619,-0.8511384228334364,deployable_no_leak,False,False,none,-1,0,8,0,1,0,hidden_property
P_domain_randomized_stress,domain_randomized,oracle,64,3,25,0.9179235717927742,0.9179235717927742,0.0,0.0,0.0,0.0,0.18729193924549528,0.0,0.0,0.6058928760699487,0.7021760742792519,0.9179235717927742,0.0,0.0,-0.8511384228334364,oracle_upper_bound,True,True,eval_oracle,-1,0,8,0,1,0,hidden_property
P_domain_randomized_stress,domain_randomized,raw,64,4,62,1.3233084821950816,0.0,1.0,1.0,1.0,1.0,0.7395796578022703,1.0,1.3233084821950816,0.7600822585064317,0.39956100520496995,0.8951900780480296,0.8951900780480296,0.8951900780480296,-0.4473078874277289,deployable_no_leak,False,False,none,-1,0,9,1,1,0,raw
P_domain_randomized_stress,domain_randomized,observable_repair,64,4,46,1.2133103971010826,0.891306183916778,0.0,0.0,0.0,0.0,0.19824982342088746,0.0,0.3220042131843046,0.7600822585064317,0.39956100520496995,0.8951900780480296,0.003883894131251675,0.003883894131251675,-0.4473078874277289,support_covered,False,True,fixed_predeclared,-1,0,9,1,1,0,raw
P_domain_randomized_stress,domain_randomized,combined_repair,64,4,46,1.333864424870002,0.891306183916778,0.0,0.0,0.0,0.0,0.19824982342088746,0.0,0.44255824095322405,0.7600822585064317,0.39956100520496995,0.8951900780480296,0.003883894131251675,0.003883894131251675,-0.4473078874277289,oracle_upper_bound,False,True,fixed_predeclared,-1,0,9,1,1,0,raw
P_domain_randomized_stress,domain_randomized,random,64,4,31,0.4961361038254399,0.8621828552542643,0.0,0.0,0.0,0.0,0.1361921504318162,0.0,-0.3660467514288244,0.7600822585064317,0.39956100520496995,0.8951900780480296,0.033007222793765334,0.033007222793765334,-0.4473078874277289,deployable_no_leak,False,False,none,-1,0,9,1,1,0,raw
P_domain_randomized_stress,domain_randomized,oracle,64,4,32,0.8951900780480296,0.8951900780480296,0.0,0.0,0.0,0.0,0.16857991105959447,0.0,0.0,0.7600822585064317,0.39956100520496995,0.8951900780480296,0.0,0.0,-0.4473078874277289,oracle_upper_bound,True,True,eval_oracle,-1,0,9,1,1,0,raw
P_domain_randomized_stress,domain_randomized,raw,64,5,62,1.311598885738153,0.0,1.0,1.0,1.0,1.0,0.6958166637632485,0.0,1.311598885738153,0.7322928267598536,0.48137942611427087,0.9223240442996103,0.9223240442996103,0.9223240442996103,-0.6448455464514493,deployable_no_leak,False,False,none,-1,0,6,0,1,1,raw
P_domain_randomized_stress,domain_randomized,observable_repair,64,5,60,1.2088969975703023,0.9223240442996103,0.0,0.0,0.0,0.0,0.1859486406852321,0.0,0.286572953270692,0.7322928267598536,0.48137942611427087,0.9223240442996103,0.0,0.0,-0.6448455464514493,support_covered,False,True,fixed_predeclared,-1,0,6,0,1,1,raw
P_domain_randomized_stress,domain_randomized,combined_repair,64,5,60,1.327532389368891,0.9223240442996103,0.0,0.0,0.0,0.0,0.1859486406852321,0.0,0.4052083450692807,0.7322928267598536,0.48137942611427087,0.9223240442996103,0.0,0.0,-0.6448455464514493,oracle_upper_bound,False,True,fixed_predeclared,-1,0,6,0,1,1,raw
P_domain_randomized_stress,domain_randomized,random,64,5,3,0.854500968261639,0.026217096852112307,1.0,1.0,0.0,1.0,0.7078391635241376,0.0,0.8282838714095268,0.7322928267598536,0.48137942611427087,0.9223240442996103,0.8961069474474981,0.8961069474474981,-0.6448455464514493,deployable_no_leak,False,False,none,-1,0,6,0,1,1,raw
P_domain_randomized_stress,domain_randomized,oracle,64,5,60,0.9223240442996103,0.9223240442996103,0.0,0.0,0.0,0.0,0.1859486406852321,0.0,0.0,0.7322928267598536,0.48137942611427087,0.9223240442996103,0.0,0.0,-0.6448455464514493,oracle_upper_bound,True,True,eval_oracle,-1,0,6,0,1,1,raw
P_domain_randomized_stress,domain_randomized,raw,64,6,44,1.35,0.0,1.0,0.0,1.0,1.0,0.6925587099143662,1.0,1.35,0.6459591690015438,0.48367363365190696,0.929259918356432,0.929259918356432,0.929259918356432,-0.512444160412144,deployable_no_leak,False,False,none,-1,0,3,1,0,1,occlusion
P_domain_randomized_stress,domain_randomized,observable_repair,64,6,50,1.1787622627081242,0.8159163893235438,0.0,0.0,0.0,0.0,0.18736984616045632,0.0,0.3628458733845804,0.6459591690015438,0.48367363365190696,0.929259918356432,0.11334352903288814,0.11334352903288814,-0.512444160412144,support_covered,False,True,fixed_predeclared,-1,0,3,1,0,1,occlusion
P_domain_randomized_stress,domain_randomized,combined_repair,64,6,50,1.1901598246202527,0.8159163893235438,0.0,0.0,0.0,0.0,0.18736984616045632,0.0,0.3742434352967089,0.6459591690015438,0.48367363365190696,0.929259918356432,0.11334352903288814,0.11334352903288814,-0.512444160412144,oracle_upper_bound,False,True,fixed_predeclared,-1,0,3,1,0,1,occlusion
P_domain_randomized_stress,domain_randomized,random,64,6,41,0.40491092097232545,0.8650537608803498,0.0,0.0,0.0,0.0,0.2201999099437617,0.0,-0.46014283990802435,0.6459591690015438,0.48367363365190696,0.929259918356432,0.06420615747608216,0.06420615747608216,-0.512444160412144,deployable_no_leak,False,False,none,-1,0,3,1,0,1,occlusion
P_domain_randomized_stress,domain_randomized,oracle,64,6,55,0.929259918356432,0.929259918356432,0.0,0.0,0.0,0.0,0.19353092933942762,0.0,0.0,0.6459591690015438,0.48367363365190696,0.929259918356432,0.0,0.0,-0.512444160412144,oracle_upper_bound,True,True,eval_oracle,-1,0,3,1,0,1,occlusion
P_domain_randomized_stress,domain_randomized,raw,64,7,33,1.35,0.0,1.0,1.0,1.0,1.0,0.7464552792957287,0.0,1.35,0.7078019694364817,0.5350007529130133,0.9205547871062273,0.9205547871062273,0.9205547871062273,-0.43906723387783114,deployable_no_leak,False,False,none,-1,0,9,0,1,1,raw
P_domain_randomized_stress,domain_randomized,observable_repair,64,7,37,1.2017717748316612,0.8563256872483067,0.0,0.0,0.0,0.0,0.16012223500361755,0.0,0.3454460875833545,0.7078019694364817,0.5350007529130133,0.9205547871062273,0.06422909985792058,0.06422909985792058,-0.43906723387783114,support_covered,False,True,fixed_predeclared,-1,0,9,0,1,1,raw
P_domain_randomized_stress,domain_randomized,combined_repair,64,7,37,1.3163999203894883,0.8563256872483067,0.0,0.0,0.0,0.0,0.16012223500361755,0.0,0.46007423314118157,0.7078019694364817,0.5350007529130133,0.9205547871062273,0.06422909985792058,0.06422909985792058,-0.43906723387783114,oracle_upper_bound,False,True,fixed_predeclared,-1,0,9,0,1,1,raw
P_domain_randomized_stress,domain_randomized,random,64,7,60,0.9618384133237254,0.0,1.0,1.0,1.0,0.0,0.2175441196273572,0.0,0.9618384133237254,0.7078019694364817,0.5350007529130133,0.9205547871062273,0.9205547871062273,0.9205547871062273,-0.43906723387783114,deployable_no_leak,False,False,none,-1,0,9,0,1,1,raw
P_domain_randomized_stress,domain_randomized,oracle,64,7,55,0.9205547871062273,0.9205547871062273,0.0,0.0,0.0,0.0,0.10350108520621826,0.0,0.0,0.7078019694364817,0.5350007529130133,0.9205547871062273,0.0,0.0,-0.43906723387783114,oracle_upper_bound,True,True,eval_oracle,-1,0,9,0,1,1,raw
P_domain_randomized_stress,domain_randomized,raw,64,8,6,1.340152545060049,0.0,1.0,1.0,1.0,1.0,0.7006279780248152,1.0,1.340152545060049,0.68370671823816,0.4395877643500128,0.9055819202216916,0.9055819202216916,0.9055819202216916,-0.3469624830308649,deployable_no_leak,False,False,none,-1,0,6,1,1,1,raw
P_domain_randomized_stress,domain_randomized,observable_repair,64,8,34,1.2223688251986202,0.9055819202216916,0.0,0.0,0.0,0.0,0.1266757541208714,0.0,0.31678690497692863,0.68370671823816,0.4395877643500128,0.9055819202216916,0.0,0.0,-0.3469624830308649,support_covered,False,True,fixed_predeclared,-1,0,6,1,1,1,raw
P_domain_randomized_stress,domain_randomized,combined_repair,64,8,34,1.3407605845004325,0.9055819202216916,0.0,0.0,0.0,0.0,0.1266757541208714,0.0,0.43517866427874086,0.68370671823816,0.4395877643500128,0.9055819202216916,0.0,0.0,-0.3469624830308649,oracle_upper_bound,False,True,fixed_predeclared,-1,0,6,1,1,1,raw
P_domain_randomized_stress,domain_randomized,random,64,8,60,0.43995117205457124,0.7775107850566572,0.0,0.0,0.0,0.0,0.1398908289667629,0.0,-0.3375596130020859,0.68370671823816,0.4395877643500128,0.9055819202216916,0.12807113516503443,0.12807113516503443,-0.3469624830308649,deployable_no_leak,False,False,none,-1,0,6,1,1,1,raw
P_domain_randomized_stress,domain_randomized,oracle,64,8,34,0.9055819202216916,0.9055819202216916,0.0,0.0,0.0,0.0,0.1266757541208714,0.0,0.0,0.68370671823816,0.4395877643500128,0.9055819202216916,0.0,0.0,-0.3469624830308649,oracle_upper_bound,True,True,eval_oracle,-1,0,6,1,1,1,raw
P_domain_randomized_stress,domain_randomized,raw,64,9,22,0.8724534742255281,0.2703713735530612,1.0,1.0,0.0,0.0,0.12072839287223552,0.0,0.6020821006724669,0.6025984918332232,0.664229546585154,0.9314222207955603,0.6610508472424991,0.6610508472424991,-0.248047272130631,deployable_no_leak,False,False,none,-1,0,9,0,1,0,hidden_property
P_domain_randomized_stress,domain_randomized,observable_repair,64,9,16,1.2019745581028474,0.9314222207955603,0.0,0.0,0.0,0.0,0.23033775733252598,0.0,0.2705523373072871,0.6025984918332232,0.664229546585154,0.9314222207955603,0.0,0.0,-0.248047272130631,support_covered,False,True,fixed_predeclared,-1,0,9,0,1,0,hidden_property
P_domain_randomized_stress,domain_randomized,combined_repair,64,9,16,1.3220584116963572,0.9314222207955603,0.0,0.0,0.0,0.0,0.23033775733252598,0.0,0.39063619090079693,0.6025984918332232,0.664229546585154,0.9314222207955603,0.0,0.0,-0.248047272130631,oracle_upper_bound,False,True,fixed_predeclared,-1,0,9,0,1,0,hidden_property
P_domain_randomized_stress,domain_randomized,random,64,9,52,0.6236348469644738,0.5823907589668195,0.0,0.0,0.0,1.0,0.6601061384489048,0.0,0.04124408799765433,0.6025984918332232,0.664229546585154,0.9314222207955603,0.3490314618287408,0.3490314618287408,-0.248047272130631,deployable_no_leak,False,False,none,-1,0,9,0,1,0,hidden_property
P_domain_randomized_stress,domain_randomized,oracle,64,9,16,0.9314222207955603,0.9314222207955603,0.0,0.0,0.0,0.0,0.23033775733252598,0.0,0.0,0.6025984918332232,0.664229546585154,0.9314222207955603,0.0,0.0,-0.248047272130631,oracle_upper_bound,True,True,eval_oracle,-1,0,9,0,1,0,hidden_property
P_domain_randomized_stress,domain_randomized,raw,64,10,31,1.35,0.0,1.0,0.0,1.0,1.0,0.6578718225332622,1.0,1.35,0.7098106203863641,0.4074659746851184,0.8836618276780838,0.8836618276780838,0.8836618276780838,-0.3371961776896157,deployable_no_leak,False,False,none,-1,0,9,1,1,0,raw
P_domain_randomized_stress,domain_randomized,observable_repair,64,10,22,1.2159887522404924,0.8476183574532592,0.0,0.0,0.0,0.0,0.05636277868658468,0.0,0.3683703947872332,0.7098106203863641,0.4074659746851184,0.8836618276780838,0.03604347022482457,0.03604347022482457,-0.3371961776896157,support_covered,False,True,fixed_predeclared,-1,0,9,1,1,0,raw
P_domain_randomized_stress,domain_randomized,combined_repair,64,10,22,1.3269429975959273,0.8476183574532592,0.0,0.0,0.0,0.0,0.05636277868658468,0.0,0.47932464014266807,0.7098106203863641,0.4074659746851184,0.8836618276780838,0.03604347022482457,0.03604347022482457,-0.3371961776896157,oracle_upper_bound,False,True,fixed_predeclared,-1,0,9,1,1,0,raw
P_domain_randomized_stress,domain_randomized,random,64,10,12,0.7685311398432819,0.6575656142197037,0.0,0.0,0.0,1.0,0.7025101912513951,0.0,0.1109655256235782,0.7098106203863641,0.4074659746851184,0.8836618276780838,0.22609621345838005,0.22609621345838005,-0.3371961776896157,deployable_no_leak,False,False,none,-1,0,9,1,1,0,raw
P_domain_randomized_stress,domain_randomized,oracle,64,10,56,0.8836618276780838,0.8836618276780838,0.0,0.0,0.0,0.0,0.19797755287430902,0.0,0.0,0.7098106203863641,0.4074659746851184,0.8836618276780838,0.0,0.0,-0.3371961776896157,oracle_upper_bound,True,True,eval_oracle,-1,0,9,1,1,0,raw
P_domain_randomized_stress,domain_randomized,raw,64,11,34,1.3020563293038288,0.0,1.0,0.0,1.0,1.0,0.7355087217755754,0.0,1.3020563293038288,0.7092526463032983,0.5017952028283812,0.9032475763004771,0.9032475763004771,0.9032475763004771,-0.5483343854766141,deployable_no_leak,False,False,none,-1,0,4,0,1,1,raw
P_domain_randomized_stress,domain_randomized,observable_repair,64,11,33,1.202887852604287,0.8911780425994354,0.0,0.0,0.0,0.0,0.15841162863342745,0.0,0.31170981000485154,0.7092526463032983,0.5017952028283812,0.9032475763004771,0.01206953370104169,0.01206953370104169,-0.5483343854766141,support_covered,False,True,fixed_predeclared,-1,0,4,0,1,1,raw
P_domain_randomized_stress,domain_randomized,combined_repair,64,11,33,1.3182206627883197,0.8911780425994354,0.0,0.0,0.0,0.0,0.15841162863342745,0.0,0.4270426201888843,0.7092526463032983,0.5017952028283812,0.9032475763004771,0.01206953370104169,0.01206953370104169,-0.5483343854766141,oracle_upper_bound,False,True,fixed_predeclared,-1,0,4,0,1,1,raw
P_domain_randomized_stress,domain_randomized,random,64,11,42,0.3674350059225843,0.7867693089266686,0.0,0.0,0.0,0.0,0.21103227984607897,0.0,-0.4193343030040843,0.7092526463032983,0.5017952028283812,0.9032475763004771,0.11647826737380851,0.11647826737380851,-0.5483343854766141,deployable_no_leak,False,False,none,-1,0,4,0,1,1,raw
P_domain_randomized_stress,domain_randomized,oracle,64,11,5,0.9032475763004771,0.9032475763004771,0.0,0.0,0.0,0.0,0.16348493264693048,0.0,0.0,0.7092526463032983,0.5017952028283812,0.9032475763004771,0.0,0.0,-0.5483343854766141,oracle_upper_bound,True,True,eval_oracle,-1,0,4,0,1,1,raw
P_domain_randomized_stress,domain_randomized,raw,64,12,33,1.2425940211920066,0.0,1.0,1.0,1.0,1.0,0.7372222644927211,1.0,1.2425940211920066,0.7063476087380007,0.4087819152377619,0.9008225544101941,0.9008225544101941,0.9008225544101941,-0.5985649838556182,deployable_no_leak,False,False,none,-1,0,6,1,1,1,raw
P_domain_randomized_stress,domain_randomized,observable_repair,64,12,36,1.1796334349172182,0.8721061370505129,0.0,0.0,0.0,0.0,0.24470923299770136,0.0,0.3075272978667053,0.7063476087380007,0.4087819152377619,0.9008225544101941,0.028716417359681223,0.028716417359681223,-0.5985649838556182,support_covered,False,True,fixed_predeclared,-1,0,6,1,1,1,raw
P_domain_randomized_stress,domain_randomized,combined_repair,64,12,36,1.295278449016152,0.8721061370505129,0.0,0.0,0.0,0.0,0.24470923299770136,0.0,0.4231723119656391,0.7063476087380007,0.4087819152377619,0.9008225544101941,0.028716417359681223,0.028716417359681223,-0.5985649838556182,oracle_upper_bound,False,True,fixed_predeclared,-1,0,6,1,1,1,raw
P_domain_randomized_stress,domain_randomized,random,64,12,36,0.6356201965074967,0.8721061370505129,0.0,0.0,0.0,0.0,0.24470923299770136,0.0,-0.2364859405430162,0.7063476087380007,0.4087819152377619,0.9008225544101941,0.028716417359681223,0.028716417359681223,-0.5985649838556182,deployable_no_leak,False,False,none,-1,0,6,1,1,1,raw
P_domain_randomized_stress,domain_randomized,oracle,64,12,32,0.9008225544101941,0.9008225544101941,0.0,0.0,0.0,0.0,0.1917130399683261,0.0,0.0,0.7063476087380007,0.4087819152377619,0.9008225544101941,0.0,0.0,-0.5985649838556182,oracle_upper_bound,True,True,eval_oracle,-1,0,6,1,1,1,raw
P_domain_randomized_stress,domain_randomized,raw,64,13,12,1.249015145174613,0.0,1.0,1.0,1.0,0.0,0.20202890677044424,1.0,1.249015145174613,0.6559960887429307,0.5228127581863466,0.9388094603210679,0.9388094603210679,0.9388094603210679,-0.35477448985926885,deployable_no_leak,False,False,none,-1,0,3,1,1,0,raw
P_domain_randomized_stress,domain_randomized,observable_repair,64,13,35,1.2127611391007027,0.8937726115054652,0.0,0.0,0.0,0.0,0.13891126570660553,0.0,0.31898852759523755,0.6559960887429307,0.5228127581863466,0.9388094603210679,0.04503684881560277,0.04503684881560277,-0.35477448985926885,support_covered,False,True,fixed_predeclared,-1,0,3,1,1,0,raw
P_domain_randomized_stress,domain_randomized,combined_repair,64,13,17,1.3302682608051295,0.9195445723322836,0.0,0.0,0.0,0.0,0.1839671204032074,0.0,0.4107236884728459,0.6559960887429307,0.5228127581863466,0.9388094603210679,0.01926488798878434,0.01926488798878434,-0.35477448985926885,oracle_upper_bound,False,True,fixed_predeclared,-1,0,3,1,1,0,raw
P_domain_randomized_stress,domain_randomized,random,64,13,3,0.869369954524767,0.0,0.0,0.0,1.0,1.0,0.7814636925748237,0.0,0.869369954524767,0.6559960887429307,0.5228127581863466,0.9388094603210679,0.9388094603210679,0.9388094603210679,-0.35477448985926885,deployable_no_leak,False,False,none,-1,0,3,1,1,0,raw
P_domain_randomized_stress,domain_randomized,oracle,64,13,14,0.9388094603210679,0.9388094603210679,0.0,0.0,0.0,0.0,0.13555983169350105,0.0,0.0,0.6559960887429307,0.5228127581863466,0.9388094603210679,0.0,0.0,-0.35477448985926885,oracle_upper_bound,True,True,eval_oracle,-1,0,3,1,1,0,raw
P_domain_randomized_stress,domain_randomized,raw,64,14,35,1.2176727288372589,0.0,1.0,1.0,1.0,0.0,0.151135563587937,1.0,1.2176727288372589,0.6513175907198319,0.5107945038210093,0.9173271803078686,0.9173271803078686,0.9173271803078686,-0.07919192678116875,deployable_no_leak,False,False,none,-1,0,7,1,0,0,occlusion
P_domain_randomized_stress,domain_randomized,observable_repair,64,14,50,1.1923272681640134,0.7784867639738726,0.0,0.0,0.0,0.0,0.15098360220873008,0.0,0.41384050419014073,0.6513175907198319,0.5107945038210093,0.9173271803078686,0.13884041633399602,0.13884041633399602,-0.07919192678116875,support_covered,False,True,fixed_predeclared,-1,0,7,1,0,0,occlusion
P_domain_randomized_stress,domain_randomized,combined_repair,64,14,59,1.2000043034099188,0.8441543701752763,0.0,0.0,0.0,0.0,0.10007794356033392,0.0,0.35584993323464253,0.6513175907198319,0.5107945038210093,0.9173271803078686,0.07317281013259236,0.07317281013259236,-0.07919192678116875,oracle_upper_bound,False,True,fixed_predeclared,-1,0,7,1,0,0,occlusion
P_domain_randomized_stress,domain_randomized,random,64,14,46,0.7813213784111911,0.7235055221662561,0.0,0.0,0.0,1.0,0.751823310386233,0.0,0.057815856244935016,0.6513175907198319,0.5107945038210093,0.9173271803078686,0.19382165814161256,0.19382165814161256,-0.07919192678116875,deployable_no_leak,False,False,none,-1,0,7,1,0,0,occlusion
P_domain_randomized_stress,domain_randomized,oracle,64,14,1,0.9173271803078686,0.9173271803078686,0.0,0.0,0.0,0.0,0.15949893946668162,0.0,0.0,0.6513175907198319,0.5107945038210093,0.9173271803078686,0.0,0.0,-0.07919192678116875,oracle_upper_bound,True,True,eval_oracle,-1,0,7,1,0,0,occlusion
P_domain_randomized_stress,domain_randomized,raw,64,15,24,1.35,0.0,1.0,1.0,1.0,1.0,0.7530338805749538,1.0,1.35,0.7958790620623497,0.33899425997566185,0.9205327461400538,0.9205327461400538,0.9205327461400538,-0.404279487049452,deployable_no_leak,False,False,none,-1,0,4,1,1,1,raw
P_domain_randomized_stress,domain_randomized,observable_repair,64,15,14,1.2280158663042129,0.8634315924275509,0.0,0.0,0.0,0.0,0.10838875161680743,0.0,0.36458427387666204,0.7958790620623497,0.33899425997566185,0.9205327461400538,0.057101153712502906,0.057101153712502906,-0.404279487049452,support_covered,False,True,fixed_predeclared,-1,0,4,1,1,1,raw
P_domain_randomized_stress,domain_randomized,combined_repair,64,15,14,1.3455732417612387,0.8634315924275509,0.0,0.0,0.0,0.0,0.10838875161680743,0.0,0.48214164933368786,0.7958790620623497,0.33899425997566185,0.9205327461400538,0.057101153712502906,0.057101153712502906,-0.404279487049452,oracle_upper_bound,False,True,fixed_predeclared,-1,0,4,1,1,1,raw
P_domain_randomized_stress,domain_randomized,random,64,15,6,0.9838260905196492,0.0,0.0,0.0,1.0,1.0,0.7351457816842306,0.0,0.9838260905196492,0.7958790620623497,0.33899425997566185,0.9205327461400538,0.9205327461400538,0.9205327461400538,-0.404279487049452,deployable_no_leak,False,False,none,-1,0,4,1,1,1,raw
P_domain_randomized_stress,domain_randomized,oracle,64,15,5,0.9205327461400538,0.9205327461400538,0.0,0.0,0.0,0.0,0.18642811315624452,0.0,0.0,0.7958790620623497,0.33899425997566185,0.9205327461400538,0.0,0.0,-0.404279487049452,oracle_upper_bound,True,True,eval_oracle,-1,0,4,1,1,1,raw
P_domain_randomized_stress,domain_randomized,raw,64,16,44,1.2791626348372358,0.0,1.0,1.0,1.0,1.0,0.7896674457296502,0.0,1.2791626348372358,0.7229595838666154,0.446194422637517,0.9151112680543654,0.9151112680543654,0.9151112680543654,-0.27667482063246285,deployable_no_leak,False,False,none,-1,0,9,0,1,1,raw
P_domain_randomized_stress,domain_randomized,observable_repair,64,16,34,1.2318071079290458,0.8325485859525226,0.0,0.0,0.0,0.0,0.17228388038009101,0.0,0.39925852197652323,0.7229595838666154,0.446194422637517,0.9151112680543654,0.08256268210184281,0.08256268210184281,-0.27667482063246285,support_covered,False,True,fixed_predeclared,-1,0,9,0,1,1,raw
P_domain_randomized_stress,domain_randomized,combined_repair,64,16,34,1.355024432046883,0.8325485859525226,0.0,0.0,0.0,0.0,0.17228388038009101,0.0,0.5224758460943604,0.7229595838666154,0.446194422637517,0.9151112680543654,0.08256268210184281,0.08256268210184281,-0.27667482063246285,oracle_upper_bound,False,True,fixed_predeclared,-1,0,9,0,1,1,raw
P_domain_randomized_stress,domain_randomized,random,64,16,58,0.9186160050420171,0.2762379280201071,1.0,1.0,0.0,0.0,0.17951361023212312,0.0,0.6423780770219101,0.7229595838666154,0.446194422637517,0.9151112680543654,0.6388733400342583,0.6388733400342583,-0.27667482063246285,deployable_no_leak,False,False,none,-1,0,9,0,1,1,raw
P_domain_randomized_stress,domain_randomized,oracle,64,16,19,0.9151112680543654,0.9151112680543654,0.0,0.0,0.0,0.0,0.14032582018975123,0.0,0.0,0.7229595838666154,0.446194422637517,0.9151112680543654,0.0,0.0,-0.27667482063246285,oracle_upper_bound,True,True,eval_oracle,-1,0,9,0,1,1,raw
P_domain_randomized_stress,domain_randomized,raw,64,17,48,1.2813994632414396,0.0,1.0,1.0,1.0,0.0,0.133816752412527,0.0,1.2813994632414396,0.6948962117960984,0.4789453706472378,0.9015545569897137,0.9015545569897137,0.9015545569897137,-0.39083686536166456,deployable_no_leak,False,False,none,-1,0,9,0,1,1,raw
P_domain_randomized_stress,domain_randomized,observable_repair,64,17,5,1.2069582472192986,0.8065530739014031,0.0,0.0,0.0,0.0,0.10755412440465831,0.0,0.4004051733178955,0.6948962117960984,0.4789453706472378,0.9015545569897137,0.09500148308831058,0.09500148308831058,-0.39083686536166456,support_covered,False,True,fixed_predeclared,-1,0,9,0,1,1,raw
P_domain_randomized_stress,domain_randomized,combined_repair,64,17,5,1.3186017518986513,0.8065530739014031,0.0,0.0,0.0,0.0,0.10755412440465831,0.0,0.5120486779972482,0.6948962117960984,0.4789453706472378,0.9015545569897137,0.09500148308831058,0.09500148308831058,-0.39083686536166456,oracle_upper_bound,False,True,fixed_predeclared,-1,0,9,0,1,1,raw
P_domain_randomized_stress,domain_randomized,random,64,17,3,0.4770914058504882,0.8286173575000445,0.0,0.0,0.0,0.0,0.13765002287961753,0.0,-0.3515259516495563,0.6948962117960984,0.4789453706472378,0.9015545569897137,0.07293719948966915,0.07293719948966915,-0.39083686536166456,deployable_no_leak,False,False,none,-1,0,9,0,1,1,raw
P_domain_randomized_stress,domain_randomized,oracle,64,17,14,0.9015545569897137,0.9015545569897137,0.0,0.0,0.0,1.0,0.7446141394746911,0.0,0.0,0.6948962117960984,0.4789453706472378,0.9015545569897137,0.0,0.0,-0.39083686536166456,oracle_upper_bound,True,True,eval_oracle,-1,0,9,0,1,1,raw
P_domain_randomized_stress,domain_randomized,raw,64,18,30,1.1829456124391946,0.0,1.0,0.0,1.0,0.0,0.20734453064392658,1.0,1.1829456124391946,0.7053016837531257,0.40669460073832336,0.9336122264110229,0.9336122264110229,0.9336122264110229,-0.5999882716380329,deployable_no_leak,False,False,none,-1,0,7,1,0,1,occlusion
P_domain_randomized_stress,domain_randomized,observable_repair,64,18,10,1.1912849801138108,0.8364784147130738,0.0,0.0,0.0,0.0,0.16169596652762533,0.0,0.35480656540073696,0.7053016837531257,0.40669460073832336,0.9336122264110229,0.0971338116979491,0.0971338116979491,-0.5999882716380329,support_covered,False,True,fixed_predeclared,-1,0,7,1,0,1,occlusion
P_domain_randomized_stress,domain_randomized,combined_repair,64,18,10,1.2042432109353245,0.8364784147130738,0.0,0.0,0.0,0.0,0.16169596652762533,0.0,0.36776479622225067,0.7053016837531257,0.40669460073832336,0.9336122264110229,0.0971338116979491,0.0971338116979491,-0.5999882716380329,oracle_upper_bound,False,True,fixed_predeclared,-1,0,7,1,0,1,occlusion
P_domain_randomized_stress,domain_randomized,random,64,18,45,0.6670786520641075,0.04165688415528487,1.0,1.0,0.0,1.0,0.7872640478692192,1.0,0.6254217679088226,0.7053016837531257,0.40669460073832336,0.9336122264110229,0.891955342255738,0.891955342255738,-0.5999882716380329,deployable_no_leak,False,False,none,-1,0,7,1,0,1,occlusion
P_domain_randomized_stress,domain_randomized,oracle,64,18,27,0.9336122264110229,0.9336122264110229,0.0,0.0,0.0,0.0,0.18844032535528607,0.0,0.0,0.7053016837531257,0.40669460073832336,0.9336122264110229,0.0,0.0,-0.5999882716380329,oracle_upper_bound,True,True,eval_oracle,-1,0,7,1,0,1,occlusion
P_domain_randomized_stress,domain_randomized,raw,64,19,7,1.2966457305154284,0.0,1.0,1.0,1.0,1.0,0.7779656475471347,0.0,1.2966457305154284,0.7090253013184532,0.5012979778105217,0.897487526125843,0.897487526125843,0.897487526125843,-0.6745608744385624,deployable_no_leak,False,False,none,-1,0,4,0,1,1,raw
P_domain_randomized_stress,domain_randomized,observable_repair,64,19,34,1.1925775776203538,0.8290675233811918,0.0,0.0,0.0,0.0,0.1362447742854677,0.0,0.36351005423916194,0.7090253013184532,0.5012979778105217,0.897487526125843,0.06842000274465121,0.06842000274465121,-0.6745608744385624,support_covered,False,True,fixed_predeclared,-1,0,4,0,1,1,raw
P_domain_randomized_stress,domain_randomized,combined_repair,64,19,34,1.3037326583590314,0.8290675233811918,0.0,0.0,0.0,0.0,0.1362447742854677,0.0,0.4746651349778396,0.7090253013184532,0.5012979778105217,0.897487526125843,0.06842000274465121,0.06842000274465121,-0.6745608744385624,oracle_upper_bound,False,True,fixed_predeclared,-1,0,4,0,1,1,raw
P_domain_randomized_stress,domain_randomized,random,64,19,47,0.7812163325021932,0.0,0.0,0.0,1.0,0.0,0.26184825448410354,0.0,0.7812163325021932,0.7090253013184532,0.5012979778105217,0.897487526125843,0.897487526125843,0.897487526125843,-0.6745608744385624,deployable_no_leak,False,False,none,-1,0,4,0,1,1,raw
P_domain_randomized_stress,domain_randomized,oracle,64,19,21,0.897487526125843,0.897487526125843,0.0,0.0,0.0,0.0,0.16147227212860404,0.0,0.0,0.7090253013184532,0.5012979778105217,0.897487526125843,0.0,0.0,-0.6745608744385624,oracle_upper_bound,True,True,eval_oracle,-1,0,4,0,1,1,raw
P_domain_randomized_stress,domain_randomized,raw,64,20,21,1.2153578149323967,0.0,1.0,0.0,1.0,1.0,0.7914017996541666,1.0,1.2153578149323967,0.6507964657072092,0.5007891528826709,0.9373764921482595,0.9373764921482595,0.9373764921482595,-0.5035230613096773,deployable_no_leak,False,False,none,-1,0,4,1,0,1,occlusion
P_domain_randomized_stress,domain_randomized,observable_repair,64,20,23,1.2071135826629023,0.8462659880038387,0.0,0.0,0.0,0.0,0.22336468780775243,0.0,0.3608475946590636,0.6507964657072092,0.5007891528826709,0.9373764921482595,0.09111050414442079,0.09111050414442079,-0.5035230613096773,support_covered,False,True,fixed_predeclared,-1,0,4,1,0,1,occlusion
P_domain_randomized_stress,domain_randomized,combined_repair,64,20,61,1.220105589961787,0.838035430664766,0.0,0.0,0.0,0.0,0.11375857373133771,0.0,0.38207015929702093,0.6507964657072092,0.5007891528826709,0.9373764921482595,0.09934106148349342,0.09934106148349342,-0.5035230613096773,oracle_upper_bound,False,True,fixed_predeclared,-1,0,4,1,0,1,occlusion
P_domain_randomized_stress,domain_randomized,random,64,20,41,0.8269291183884883,0.09063089405550379,1.0,1.0,0.0,0.0,0.028893651962617617,1.0,0.7362982243329845,0.6507964657072092,0.5007891528826709,0.9373764921482595,0.8467455980927556,0.8467455980927556,-0.5035230613096773,deployable_no_leak,False,False,none,-1,0,4,1,0,1,occlusion
P_domain_randomized_stress,domain_randomized,oracle,64,20,20,0.9373764921482595,0.9373764921482595,0.0,0.0,0.0,0.0,0.16324910291555256,0.0,0.0,0.6507964657072092,0.5007891528826709,0.9373764921482595,0.0,0.0,-0.5035230613096773,oracle_upper_bound,True,True,eval_oracle,-1,0,4,1,0,1,occlusion
P_domain_randomized_stress,domain_randomized,raw,64,21,52,1.2779760844721741,0.0,1.0,1.0,1.0,1.0,0.7066664939160068,1.0,1.2779760844721741,0.735363018294558,0.41995828819427655,0.9114407042655635,0.9114407042655635,0.9114407042655635,-0.1646309404860113,deployable_no_leak,False,False,none,-1,0,8,1,1,1,raw
P_domain_randomized_stress,domain_randomized,observable_repair,64,21,29,1.2044483642866202,0.8086567109385405,0.0,0.0,0.0,0.0,0.15568967057461677,0.0,0.39579165334807964,0.735363018294558,0.41995828819427655,0.9114407042655635,0.10278399332702293,0.10278399332702293,-0.1646309404860113,support_covered,False,True,fixed_predeclared,-1,0,8,1,1,1,raw
P_domain_randomized_stress,domain_randomized,combined_repair,64,21,29,1.3190327088701013,0.8086567109385405,0.0,0.0,0.0,0.0,0.15568967057461677,0.0,0.5103759979315607,0.735363018294558,0.41995828819427655,0.9114407042655635,0.10278399332702293,0.10278399332702293,-0.1646309404860113,oracle_upper_bound,False,True,fixed_predeclared,-1,0,8,1,1,1,raw
P_domain_randomized_stress,domain_randomized,random,64,21,45,0.7008167421656923,0.08646079532018053,1.0,1.0,0.0,0.0,0.20377300931411865,1.0,0.6143559468455118,0.735363018294558,0.41995828819427655,0.9114407042655635,0.8249799089453829,0.8249799089453829,-0.1646309404860113,deployable_no_leak,False,False,none,-1,0,8,1,1,1,raw
P_domain_randomized_stress,domain_randomized,oracle,64,21,28,0.9114407042655635,0.9114407042655635,0.0,0.0,0.0,0.0,0.2020844187817534,0.0,0.0,0.735363018294558,0.41995828819427655,0.9114407042655635,0.0,0.0,-0.1646309404860113,oracle_upper_bound,True,True,eval_oracle,-1,0,8,1,1,1,raw
P_domain_randomized_stress,domain_randomized,raw,64,22,5,1.1418551064319307,0.0,1.0,1.0,1.0,0.0,0.1583581263601092,0.0,1.1418551064319307,0.6732044485778428,0.5117616827661169,0.9270556740549888,0.9270556740549888,0.9270556740549888,-0.4869427177888563,deployable_no_leak,False,False,none,-1,0,4,0,1,1,raw
P_domain_randomized_stress,domain_randomized,observable_repair,64,22,22,1.2162013641727694,0.8857701772842221,0.0,0.0,0.0,0.0,0.13458628703635828,0.0,0.3304311868885472,0.6732044485778428,0.5117616827661169,0.9270556740549888,0.04128549677076665,0.04128549677076665,-0.4869427177888563,support_covered,False,True,fixed_predeclared,-1,0,4,0,1,1,raw
P_domain_randomized_stress,domain_randomized,combined_repair,64,22,22,1.333491201387339,0.8857701772842221,0.0,0.0,0.0,0.0,0.13458628703635828,0.0,0.44772102410311687,0.6732044485778428,0.5117616827661169,0.9270556740549888,0.04128549677076665,0.04128549677076665,-0.4869427177888563,oracle_upper_bound,False,True,fixed_predeclared,-1,0,4,0,1,1,raw
P_domain_randomized_stress,domain_randomized,random,64,22,61,0.3918715093069417,0.8029000468096162,0.0,0.0,0.0,0.0,0.24298718533109365,0.0,-0.41102853750267454,0.6732044485778428,0.5117616827661169,0.9270556740549888,0.12415562724537255,0.12415562724537255,-0.4869427177888563,deployable_no_leak,False,False,none,-1,0,4,0,1,1,raw
P_domain_randomized_stress,domain_randomized,oracle,64,22,24,0.9270556740549888,0.9270556740549888,0.0,0.0,0.0,0.0,0.2558012152963754,0.0,0.0,0.6732044485778428,0.5117616827661169,0.9270556740549888,0.0,0.0,-0.4869427177888563,oracle_upper_bound,True,True,eval_oracle,-1,0,4,0,1,1,raw
P_domain_randomized_stress,domain_randomized,raw,64,23,5,1.3416446621684595,0.0,1.0,1.0,1.0,1.0,0.6667470576194041,1.0,1.3416446621684595,0.762721377956628,0.4157302707579793,0.8851410639435708,0.8851410639435708,0.8851410639435708,-0.46900538224697436,deployable_no_leak,False,False,none,-1,0,3,1,1,0,raw
P_domain_randomized_stress,domain_randomized,observable_repair,64,23,13,1.2117711160520077,0.8805338510077354,0.0,0.0,0.0,0.0,0.11794452089868833,0.0,0.3312372650442723,0.762721377956628,0.4157302707579793,0.8851410639435708,0.004607212935835436,0.004607212935835436,-0.46900538224697436,support_covered,False,True,fixed_predeclared,-1,0,3,1,1,0,raw
P_domain_randomized_stress,domain_randomized,combined_repair,64,23,13,1.3260672961471656,0.8805338510077354,0.0,0.0,0.0,0.0,0.11794452089868833,0.0,0.44553344513943016,0.762721377956628,0.4157302707579793,0.8851410639435708,0.004607212935835436,0.004607212935835436,-0.46900538224697436,oracle_upper_bound,False,True,fixed_predeclared,-1,0,3,1,1,0,raw
P_domain_randomized_stress,domain_randomized,random,64,23,39,0.8244844523292119,0.0,1.0,1.0,0.0,1.0,0.7076713162339433,1.0,0.8244844523292119,0.762721377956628,0.4157302707579793,0.8851410639435708,0.8851410639435708,0.8851410639435708,-0.46900538224697436,deployable_no_leak,False,False,none,-1,0,3,1,1,0,raw
P_domain_randomized_stress,domain_randomized,oracle,64,23,0,0.8851410639435708,0.8851410639435708,0.0,0.0,0.0,0.0,0.1957545220607413,0.0,0.0,0.762721377956628,0.4157302707579793,0.8851410639435708,0.0,0.0,-0.46900538224697436,oracle_upper_bound,True,True,eval_oracle,-1,0,3,1,1,0,raw
P_domain_randomized_stress,domain_randomized,raw,64,24,21,1.35,0.0,1.0,1.0,1.0,1.0,0.6926861707585609,1.0,1.35,0.7043507369552191,0.41857566095827037,0.9214567225783138,0.9214567225783138,0.9214567225783138,-0.3813452692762698,deployable_no_leak,False,False,none,-1,0,9,1,1,1,raw
P_domain_randomized_stress,domain_randomized,observable_repair,64,24,10,1.1943652807972123,0.9214567225783138,0.0,0.0,0.0,0.0,0.21111620377985466,0.0,0.2729085582188985,0.7043507369552191,0.41857566095827037,0.9214567225783138,0.0,0.0,-0.3813452692762698,support_covered,False,True,fixed_predeclared,-1,0,9,1,1,1,raw
P_domain_randomized_stress,domain_randomized,combined_repair,64,24,10,1.3109142662689666,0.9214567225783138,0.0,0.0,0.0,0.0,0.21111620377985466,0.0,0.3894575436906528,0.7043507369552191,0.41857566095827037,0.9214567225783138,0.0,0.0,-0.3813452692762698,oracle_upper_bound,False,True,fixed_predeclared,-1,0,9,1,1,1,raw
P_domain_randomized_stress,domain_randomized,random,64,24,32,0.7622409205998764,0.7640166865614944,0.0,0.0,0.0,1.0,0.7646299433526692,0.0,-0.0017757659616179922,0.7043507369552191,0.41857566095827037,0.9214567225783138,0.15744003601681944,0.15744003601681944,-0.3813452692762698,deployable_no_leak,False,False,none,-1,0,9,1,1,1,raw
P_domain_randomized_stress,domain_randomized,oracle,64,24,10,0.9214567225783138,0.9214567225783138,0.0,0.0,0.0,0.0,0.21111620377985466,0.0,0.0,0.7043507369552191,0.41857566095827037,0.9214567225783138,0.0,0.0,-0.3813452692762698,oracle_upper_bound,True,True,eval_oracle,-1,0,9,1,1,1,raw
P_domain_randomized_stress,domain_randomized,raw,64,25,24,1.2751031827073387,0.0,1.0,1.0,1.0,1.0,0.789454599191873,0.0,1.2751031827073387,0.6944581941956937,0.4705435025815078,0.9211985776910575,0.9211985776910575,0.9211985776910575,-0.49828767822430775,deployable_no_leak,False,False,none,-1,0,6,0,1,1,raw
P_domain_randomized_stress,domain_randomized,observable_repair,64,25,61,1.2143171351393156,0.8441672343856031,0.0,0.0,0.0,0.0,0.16597115110551955,0.0,0.37014990075371246,0.6944581941956937,0.4705435025815078,0.9211985776910575,0.07703134330545436,0.07703134330545436,-0.49828767822430775,support_covered,False,True,fixed_predeclared,-1,0,6,0,1,1,raw
P_domain_randomized_stress,domain_randomized,combined_repair,64,25,61,1.3325600167474865,0.8441672343856031,0.0,0.0,0.0,0.0,0.16597115110551955,0.0,0.4883927823618833,0.6944581941956937,0.4705435025815078,0.9211985776910575,0.07703134330545436,0.07703134330545436,-0.49828767822430775,oracle_upper_bound,False,True,fixed_predeclared,-1,0,6,0,1,1,raw
P_domain_randomized_stress,domain_randomized,random,64,25,54,0.8869386406702575,0.0,0.0,0.0,1.0,0.0,0.2297498236231539,0.0,0.8869386406702575,0.6944581941956937,0.4705435025815078,0.9211985776910575,0.9211985776910575,0.9211985776910575,-0.49828767822430775,deployable_no_leak,False,False,none,-1,0,6,0,1,1,raw
P_domain_randomized_stress,domain_randomized,oracle,64,25,13,0.9211985776910575,0.9211985776910575,0.0,0.0,0.0,0.0,0.27223430866412457,0.0,0.0,0.6944581941956937,0.4705435025815078,0.9211985776910575,0.0,0.0,-0.49828767822430775,oracle_upper_bound,True,True,eval_oracle,-1,0,6,0,1,1,raw
P_domain_randomized_stress,domain_randomized,raw,64,26,48,1.0536414641353116,0.0,1.0,1.0,1.0,0.0,0.2182397597420448,0.0,1.0536414641353116,0.5899453348740782,0.677094071067454,0.9176372858566297,0.9176372858566297,0.9176372858566297,-0.8462573658416811,deployable_no_leak,False,False,none,-1,0,9,0,1,0,hidden_property
P_domain_randomized_stress,domain_randomized,observable_repair,64,26,35,1.2483691237684011,0.9122253543308506,0.0,0.0,0.0,0.0,0.09432996007688665,0.0,0.33614376943755053,0.5899453348740782,0.677094071067454,0.9176372858566297,0.005411931525779123,0.005411931525779123,-0.8462573658416811,support_covered,False,True,fixed_predeclared,-1,0,9,0,1,0,hidden_property
P_domain_randomized_stress,domain_randomized,combined_repair,64,26,35,1.3708338325989988,0.9122253543308506,0.0,0.0,0.0,0.0,0.09432996007688665,0.0,0.4586084782681482,0.5899453348740782,0.677094071067454,0.9176372858566297,0.005411931525779123,0.005411931525779123,-0.8462573658416811,oracle_upper_bound,False,True,fixed_predeclared,-1,0,9,0,1,0,hidden_property
P_domain_randomized_stress,domain_randomized,random,64,26,41,0.6617666575571951,0.7057016819707591,0.0,0.0,0.0,1.0,0.7064019672751816,0.0,-0.043935024413564006,0.5899453348740782,0.677094071067454,0.9176372858566297,0.21193560388587063,0.21193560388587063,-0.8462573658416811,deployable_no_leak,False,False,none,-1,0,9,0,1,0,hidden_property
P_domain_randomized_stress,domain_randomized,oracle,64,26,11,0.9176372858566297,0.9176372858566297,0.0,0.0,0.0,0.0,0.1796592542151843,0.0,0.0,0.5899453348740782,0.677094071067454,0.9176372858566297,0.0,0.0,-0.8462573658416811,oracle_upper_bound,True,True,eval_oracle,-1,0,9,0,1,0,hidden_property
P_domain_randomized_stress,domain_randomized,raw,64,27,28,1.126144241264217,0.0,1.0,1.0,1.0,0.0,0.17703328367940058,1.0,1.126144241264217,0.6941783095069142,0.4430567711111098,0.9182596841707019,0.9182596841707019,0.9182596841707019,-0.17078426177364373,deployable_no_leak,False,False,none,-1,0,3,1,1,0,raw
P_domain_randomized_stress,domain_randomized,observable_repair,64,27,22,1.2304897808167146,0.8731646092240049,0.0,0.0,0.0,0.0,0.13764403700764727,0.0,0.3573251715927097,0.6941783095069142,0.4430567711111098,0.9182596841707019,0.04509507494669707,0.04509507494669707,-0.17078426177364373,support_covered,False,True,fixed_predeclared,-1,0,3,1,1,0,raw
P_domain_randomized_stress,domain_randomized,combined_repair,64,27,22,1.3510433783840399,0.8731646092240049,0.0,0.0,0.0,0.0,0.13764403700764727,0.0,0.477878769160035,0.6941783095069142,0.4430567711111098,0.9182596841707019,0.04509507494669707,0.04509507494669707,-0.17078426177364373,oracle_upper_bound,False,True,fixed_predeclared,-1,0,3,1,1,0,raw
P_domain_randomized_stress,domain_randomized,random,64,27,47,0.4651134622074552,0.851905885479926,0.0,0.0,0.0,0.0,0.2390829413679344,0.0,-0.38679242327247076,0.6941783095069142,0.4430567711111098,0.9182596841707019,0.06635379869077596,0.06635379869077596,-0.17078426177364373,deployable_no_leak,False,False,none,-1,0,3,1,1,0,raw
P_domain_randomized_stress,domain_randomized,oracle,64,27,11,0.9182596841707019,0.9182596841707019,0.0,0.0,0.0,0.0,0.12073576910160186,0.0,0.0,0.6941783095069142,0.4430567711111098,0.9182596841707019,0.0,0.0,-0.17078426177364373,oracle_upper_bound,True,True,eval_oracle,-1,0,3,1,1,0,raw
P_domain_randomized_stress,domain_randomized,raw,64,28,3,1.2543107134158915,0.0,1.0,1.0,1.0,0.0,0.2315564394370842,1.0,1.2543107134158915,0.6946947321716515,0.4442615395043426,0.9252593135491809,0.9252593135491809,0.9252593135491809,-0.5863425808397297,deployable_no_leak,False,False,none,-1,0,7,1,0,0,occlusion
P_domain_randomized_stress,domain_randomized,observable_repair,64,28,30,1.2250337823827302,0.8236997515629054,0.0,0.0,0.0,0.0,0.09736275132709772,0.0,0.40133403081982477,0.6946947321716515,0.4442615395043426,0.9252593135491809,0.10155956198627547,0.10155956198627547,-0.5863425808397297,support_covered,False,True,fixed_predeclared,-1,0,7,1,0,0,occlusion
P_domain_randomized_stress,domain_randomized,combined_repair,64,28,30,1.2431910588233297,0.8236997515629054,0.0,0.0,0.0,0.0,0.09736275132709772,0.0,0.4194913072604243,0.6946947321716515,0.4442615395043426,0.9252593135491809,0.10155956198627547,0.10155956198627547,-0.5863425808397297,oracle_upper_bound,False,True,fixed_predeclared,-1,0,7,1,0,0,occlusion
P_domain_randomized_stress,domain_randomized,random,64,28,28,0.8799596883051466,0.12654574874998387,1.0,1.0,0.0,0.0,0.15059539745266265,1.0,0.7534139395551627,0.6946947321716515,0.4442615395043426,0.9252593135491809,0.798713564799197,0.798713564799197,-0.5863425808397297,deployable_no_leak,False,False,none,-1,0,7,1,0,0,occlusion
P_domain_randomized_stress,domain_randomized,oracle,64,28,17,0.9252593135491809,0.9252593135491809,0.0,0.0,0.0,0.0,0.16798059471152385,0.0,0.0,0.6946947321716515,0.4442615395043426,0.9252593135491809,0.0,0.0,-0.5863425808397297,oracle_upper_bound,True,True,eval_oracle,-1,0,7,1,0,0,occlusion
P_domain_randomized_stress,domain_randomized,raw,64,29,42,1.3308017128730114,0.0,1.0,1.0,1.0,1.0,0.6999251895051343,1.0,1.3308017128730114,0.7307856469254717,0.40124350327853714,0.9064402852058507,0.9064402852058507,0.9064402852058507,-0.37430952467985273,deployable_no_leak,False,False,none,-1,0,9,1,1,1,raw
P_domain_randomized_stress,domain_randomized,observable_repair,64,29,36,1.1920465632637545,0.8905698164172473,0.0,0.0,0.0,0.0,0.2299220408276507,0.0,0.30147674684650716,0.7307856469254717,0.40124350327853714,0.9064402852058507,0.01587046878860343,0.01587046878860343,-0.37430952467985273,support_covered,False,True,fixed_predeclared,-1,0,9,1,1,1,raw
P_domain_randomized_stress,domain_randomized,combined_repair,64,29,36,1.309972682637092,0.8905698164172473,0.0,0.0,0.0,0.0,0.2299220408276507,0.0,0.4194028662198448,0.7307856469254717,0.40124350327853714,0.9064402852058507,0.01587046878860343,0.01587046878860343,-0.37430952467985273,oracle_upper_bound,False,True,fixed_predeclared,-1,0,9,1,1,1,raw
P_domain_randomized_stress,domain_randomized,random,64,29,61,0.8396235580236361,0.1715409174835559,1.0,0.0,0.0,0.0,0.12874708038793642,1.0,0.6680826405400802,0.7307856469254717,0.40124350327853714,0.9064402852058507,0.7348993677222948,0.7348993677222948,-0.37430952467985273,deployable_no_leak,False,False,none,-1,0,9,1,1,1,raw
P_domain_randomized_stress,domain_randomized,oracle,64,29,59,0.9064402852058507,0.9064402852058507,0.0,0.0,0.0,0.0,0.14303136037993963,0.0,0.0,0.7307856469254717,0.40124350327853714,0.9064402852058507,0.0,0.0,-0.37430952467985273,oracle_upper_bound,True,True,eval_oracle,-1,0,9,1,1,1,raw
P_domain_randomized_stress,domain_randomized,raw,64,30,1,1.2043713667239084,0.0,1.0,1.0,1.0,0.0,0.190531341980112,1.0,1.2043713667239084,0.7209649908518208,0.4010236625170911,0.8998914343467525,0.8998914343467525,0.8998914343467525,-0.638316206421094,deployable_no_leak,False,False,none,-1,0,3,1,0,1,occlusion
P_domain_randomized_stress,domain_randomized,observable_repair,64,30,54,1.2132958640219038,0.7566417606467002,0.0,0.0,0.0,0.0,0.121246346312921,0.0,0.4566541033752036,0.7209649908518208,0.4010236625170911,0.8998914343467525,0.14324967370005226,0.14324967370005226,-0.638316206421094,support_covered,False,True,fixed_predeclared,-1,0,3,1,0,1,occlusion
P_domain_randomized_stress,domain_randomized,combined_repair,64,30,54,1.2298097502519147,0.7566417606467002,0.0,0.0,0.0,0.0,0.121246346312921,0.0,0.47316798960521456,0.7209649908518208,0.4010236625170911,0.8998914343467525,0.14324967370005226,0.14324967370005226,-0.638316206421094,oracle_upper_bound,False,True,fixed_predeclared,-1,0,3,1,0,1,occlusion
P_domain_randomized_stress,domain_randomized,random,64,30,2,0.8526386395415801,0.12563761792889425,1.0,1.0,0.0,0.0,0.2299451858708486,1.0,0.7270010216126859,0.7209649908518208,0.4010236625170911,0.8998914343467525,0.7742538164178582,0.7742538164178582,-0.638316206421094,deployable_no_leak,False,False,none,-1,0,3,1,0,1,occlusion
P_domain_randomized_stress,domain_randomized,oracle,64,30,48,0.8998914343467525,0.8998914343467525,0.0,0.0,0.0,0.0,0.186173406208573,0.0,0.0,0.7209649908518208,0.4010236625170911,0.8998914343467525,0.0,0.0,-0.638316206421094,oracle_upper_bound,True,True,eval_oracle,-1,0,3,1,0,1,occlusion
P_domain_randomized_stress,domain_randomized,raw,64,31,45,1.2295280572099303,0.0,1.0,1.0,1.0,0.0,0.13559068783527845,1.0,1.2295280572099303,0.6671250807096245,0.4302792055675718,0.9234650039696545,0.9234650039696545,0.9234650039696545,-0.22109331934546422,deployable_no_leak,False,False,none,-1,0,5,1,0,1,occlusion
P_domain_randomized_stress,domain_randomized,observable_repair,64,31,24,1.2099649520517868,0.8168791422070779,0.0,0.0,0.0,0.0,0.1903371928932213,0.0,0.39308580984470887,0.6671250807096245,0.4302792055675718,0.9234650039696545,0.10658586176257656,0.10658586176257656,-0.22109331934546422,support_covered,False,True,fixed_predeclared,-1,0,5,1,0,1,occlusion
P_domain_randomized_stress,domain_randomized,combined_repair,64,31,24,1.2302678415258756,0.8168791422070779,0.0,0.0,0.0,0.0,0.1903371928932213,0.0,0.41338869931879774,0.6671250807096245,0.4302792055675718,0.9234650039696545,0.10658586176257656,0.10658586176257656,-0.22109331934546422,oracle_upper_bound,False,True,fixed_predeclared,-1,0,5,1,0,1,occlusion
P_domain_randomized_stress,domain_randomized,random,64,31,28,0.808083333524942,0.0,1.0,1.0,1.0,0.0,0.18706037190263614,1.0,0.808083333524942,0.6671250807096245,0.4302792055675718,0.9234650039696545,0.9234650039696545,0.9234650039696545,-0.22109331934546422,deployable_no_leak,False,False,none,-1,0,5,1,0,1,occlusion
P_domain_randomized_stress,domain_randomized,oracle,64,31,39,0.9234650039696545,0.9234650039696545,0.0,0.0,0.0,0.0,0.1719303096715488,0.0,0.0,0.6671250807096245,0.4302792055675718,0.9234650039696545,0.0,0.0,-0.22109331934546422,oracle_upper_bound,True,True,eval_oracle,-1,0,5,1,0,1,occlusion
P_domain_randomized_stress,domain_randomized,raw,64,32,31,1.3387294529419338,0.0,1.0,1.0,1.0,1.0,0.6711868902817593,1.0,1.3387294529419338,0.7677398844807288,0.35891940653221466,0.8986077314716908,0.8986077314716908,0.8986077314716908,-0.38858989322850845,deployable_no_leak,False,False,none,-1,0,7,1,1,1,raw
P_domain_randomized_stress,domain_randomized,observable_repair,64,32,51,1.2105236914809596,0.8025557215868621,0.0,0.0,0.0,0.0,0.13450077488232048,0.0,0.40796796989409756,0.7677398844807288,0.35891940653221466,0.8986077314716908,0.09605200988482876,0.09605200988482876,-0.38858989322850845,support_covered,False,True,fixed_predeclared,-1,0,7,1,1,1,raw
P_domain_randomized_stress,domain_randomized,combined_repair,64,32,51,1.325006306457287,0.8025557215868621,0.0,0.0,0.0,0.0,0.13450077488232048,0.0,0.522450584870425,0.7677398844807288,0.35891940653221466,0.8986077314716908,0.09605200988482876,0.09605200988482876,-0.38858989322850845,oracle_upper_bound,False,True,fixed_predeclared,-1,0,7,1,1,1,raw
P_domain_randomized_stress,domain_randomized,random,64,32,52,0.8882852704918014,0.5291664649371461,0.0,0.0,1.0,0.0,0.20493910549024558,0.0,0.35911880555465525,0.7677398844807288,0.35891940653221466,0.8986077314716908,0.3694412665345447,0.3694412665345447,-0.38858989322850845,deployable_no_leak,False,False,none,-1,0,7,1,1,1,raw
P_domain_randomized_stress,domain_randomized,oracle,64,32,5,0.8986077314716908,0.8986077314716908,0.0,0.0,0.0,0.0,0.19695391635249274,0.0,0.0,0.7677398844807288,0.35891940653221466,0.8986077314716908,0.0,0.0,-0.38858989322850845,oracle_upper_bound,True,True,eval_oracle,-1,0,7,1,1,1,raw
P_domain_randomized_stress,domain_randomized,raw,64,33,19,0.9525979303703522,0.519117780579154,0.0,0.0,1.0,1.0,0.7325121612512875,0.0,0.4334801497911982,0.5693998750538708,0.7190949347635989,0.9163475308753347,0.3972297502961807,0.3972297502961807,-0.6555942197566199,deployable_no_leak,False,False,none,-1,0,4,0,1,0,hidden_property
P_domain_randomized_stress,domain_randomized,observable_repair,64,33,46,1.230233844818867,0.8494249571202254,0.0,0.0,0.0,0.0,0.12039752151418233,0.0,0.38080888769864163,0.5693998750538708,0.7190949347635989,0.9163475308753347,0.06692257375510935,0.06692257375510935,-0.6555942197566199,support_covered,False,True,fixed_predeclared,-1,0,4,0,1,0,hidden_property
P_domain_randomized_stress,domain_randomized,combined_repair,64,33,51,1.350900203434583,0.9163475308753347,0.0,0.0,0.0,0.0,0.14068327415819915,0.0,0.43455267255924823,0.5693998750538708,0.7190949347635989,0.9163475308753347,0.0,0.0,-0.6555942197566199,oracle_upper_bound,False,True,fixed_predeclared,-1,0,4,0,1,0,hidden_property
P_domain_randomized_stress,domain_randomized,random,64,33,8,0.3598165818711195,0.690087288013469,0.0,0.0,0.0,0.0,0.2215015469853319,0.0,-0.3302707061423495,0.5693998750538708,0.7190949347635989,0.9163475308753347,0.22626024286186575,0.22626024286186575,-0.6555942197566199,deployable_no_leak,False,False,none,-1,0,4,0,1,0,hidden_property
P_domain_randomized_stress,domain_randomized,oracle,64,33,51,0.9163475308753347,0.9163475308753347,0.0,0.0,0.0,0.0,0.14068327415819915,0.0,0.0,0.5693998750538708,0.7190949347635989,0.9163475308753347,0.0,0.0,-0.6555942197566199,oracle_upper_bound,True,True,eval_oracle,-1,0,4,0,1,0,hidden_property
P_domain_randomized_stress,domain_randomized,raw,64,34,24,1.1572428578113851,0.0,1.0,1.0,1.0,1.0,0.7695128196098753,1.0,1.1572428578113851,0.6742742045200307,0.5066527677456474,0.9209894367459486,0.9209894367459486,0.9209894367459486,-0.5125531548302131,deployable_no_leak,False,False,none,-1,0,6,1,1,0,raw
P_domain_randomized_stress,domain_randomized,observable_repair,64,34,43,1.1791363255605214,0.8510140738811074,0.0,0.0,0.0,0.0,0.20746389841792812,0.0,0.328122251679414,0.6742742045200307,0.5066527677456474,0.9209894367459486,0.06997536286484118,0.06997536286484118,-0.5125531548302131,support_covered,False,True,fixed_predeclared,-1,0,6,1,1,0,raw
P_domain_randomized_stress,domain_randomized,combined_repair,64,34,43,1.291380040010846,0.8510140738811074,0.0,0.0,0.0,0.0,0.20746389841792812,0.0,0.44036596612973855,0.6742742045200307,0.5066527677456474,0.9209894367459486,0.06997536286484118,0.06997536286484118,-0.5125531548302131,oracle_upper_bound,False,True,fixed_predeclared,-1,0,6,1,1,0,raw
P_domain_randomized_stress,domain_randomized,random,64,34,21,0.573722847365519,0.8488913178709039,0.0,0.0,0.0,0.0,0.10484181170736412,0.0,-0.27516847050538484,0.6742742045200307,0.5066527677456474,0.9209894367459486,0.07209811887504469,0.07209811887504469,-0.5125531548302131,deployable_no_leak,False,False,none,-1,0,6,1,1,0,raw
P_domain_randomized_stress,domain_randomized,oracle,64,34,63,0.9209894367459486,0.9209894367459486,0.0,0.0,0.0,0.0,0.18461026160184388,0.0,0.0,0.6742742045200307,0.5066527677456474,0.9209894367459486,0.0,0.0,-0.5125531548302131,oracle_upper_bound,True,True,eval_oracle,-1,0,6,1,1,0,raw
P_domain_randomized_stress,domain_randomized,raw,64,35,18,1.0979666370035177,0.0037106814627402146,1.0,1.0,0.0,1.0,0.6735070683451558,1.0,1.0942559555407776,0.6775075977368487,0.4639142004467668,0.9219333326534503,0.9182226511907101,0.9182226511907101,-0.6299786488348088,deployable_no_leak,False,False,none,-1,0,3,1,0,1,occlusion
P_domain_randomized_stress,domain_randomized,observable_repair,64,35,6,1.197361884310081,0.8178533754617096,0.0,0.0,0.0,0.0,0.21356236331496684,0.0,0.3795085088483715,0.6775075977368487,0.4639142004467668,0.9219333326534503,0.10407995719174079,0.10407995719174079,-0.6299786488348088,support_covered,False,True,fixed_predeclared,-1,0,3,1,0,1,occlusion
P_domain_randomized_stress,domain_randomized,combined_repair,64,35,6,1.2153461775393026,0.8178533754617096,0.0,0.0,0.0,0.0,0.21356236331496684,0.0,0.3974928020775931,0.6775075977368487,0.4639142004467668,0.9219333326534503,0.10407995719174079,0.10407995719174079,-0.6299786488348088,oracle_upper_bound,False,True,fixed_predeclared,-1,0,3,1,0,1,occlusion
P_domain_randomized_stress,domain_randomized,random,64,35,61,0.2834966404112224,0.8605197351246752,0.0,0.0,0.0,0.0,0.16100230179525257,0.0,-0.5770230947134527,0.6775075977368487,0.4639142004467668,0.9219333326534503,0.06141359752877518,0.06141359752877518,-0.6299786488348088,deployable_no_leak,False,False,none,-1,0,3,1,0,1,occlusion
P_domain_randomized_stress,domain_randomized,oracle,64,35,59,0.9219333326534503,0.9219333326534503,0.0,0.0,0.0,0.0,0.21409456456627105,0.0,0.0,0.6775075977368487,0.4639142004467668,0.9219333326534503,0.0,0.0,-0.6299786488348088,oracle_upper_bound,True,True,eval_oracle,-1,0,3,1,0,1,occlusion
P_domain_randomized_stress,domain_randomized,raw,64,36,14,1.2649896142639492,0.0,1.0,1.0,1.0,1.0,0.6867882030025144,1.0,1.2649896142639492,0.6855955594080535,0.4514507818644139,0.8895470289394105,0.8895470289394105,0.8895470289394105,-0.4252248947423703,deployable_no_leak,False,False,none,-1,0,8,1,1,1,raw
P_domain_randomized_stress,domain_randomized,observable_repair,64,36,4,1.1801912976237432,0.8161399435986035,0.0,0.0,0.0,0.0,0.18740694983924222,0.0,0.36405135402513966,0.6855955594080535,0.4514507818644139,0.8895470289394105,0.07340708534080698,0.07340708534080698,-0.4252248947423703,support_covered,False,True,fixed_predeclared,-1,0,8,1,1,1,raw
P_domain_randomized_stress,domain_randomized,combined_repair,64,36,4,1.2907798869469924,0.8161399435986035,0.0,0.0,0.0,0.0,0.18740694983924222,0.0,0.4746399433483889,0.6855955594080535,0.4514507818644139,0.8895470289394105,0.07340708534080698,0.07340708534080698,-0.4252248947423703,oracle_upper_bound,False,True,fixed_predeclared,-1,0,8,1,1,1,raw
P_domain_randomized_stress,domain_randomized,random,64,36,49,0.46304998231425215,0.8030233860918283,0.0,0.0,0.0,0.0,0.1306378910009627,0.0,-0.3399734037775762,0.6855955594080535,0.4514507818644139,0.8895470289394105,0.08652364284758218,0.08652364284758218,-0.4252248947423703,deployable_no_leak,False,False,none,-1,0,8,1,1,1,raw
P_domain_randomized_stress,domain_randomized,oracle,64,36,44,0.8895470289394105,0.8895470289394105,0.0,0.0,0.0,0.0,0.1544073643583243,0.0,0.0,0.6855955594080535,0.4514507818644139,0.8895470289394105,0.0,0.0,-0.4252248947423703,oracle_upper_bound,True,True,eval_oracle,-1,0,8,1,1,1,raw
P_domain_randomized_stress,domain_randomized,raw,64,37,1,1.1802040209743507,0.006627457052026706,1.0,1.0,0.0,1.0,0.7373922742000846,0.0,1.1735765639223241,0.6884509976952451,0.5393658701847998,0.9256915520316233,0.9190640949795966,0.9190640949795966,-0.46598482929895496,deployable_no_leak,False,False,none,-1,0,6,0,0,1,swap
P_domain_randomized_stress,domain_randomized,observable_repair,64,37,7,1.19604443360916,0.7816080771461489,0.0,0.0,0.0,0.0,0.13178233323412533,0.0,0.41443635646301114,0.6884509976952451,0.5393658701847998,0.9256915520316233,0.14408347488547446,0.14408347488547446,-0.46598482929895496,support_covered,False,True,fixed_predeclared,-1,0,6,0,0,1,swap
P_domain_randomized_stress,domain_randomized,combined_repair,64,37,7,1.2083567738946464,0.7816080771461489,0.0,0.0,0.0,0.0,0.13178233323412533,0.0,0.42674869674849747,0.6884509976952451,0.5393658701847998,0.9256915520316233,0.14408347488547446,0.14408347488547446,-0.46598482929895496,oracle_upper_bound,False,True,fixed_predeclared,-1,0,6,0,0,1,swap
P_domain_randomized_stress,domain_randomized,random,64,37,19,0.3630782170505133,0.9093917363465377,0.0,0.0,0.0,0.0,0.20071535561018178,0.0,-0.5463135192960245,0.6884509976952451,0.5393658701847998,0.9256915520316233,0.01629981568508565,0.01629981568508565,-0.46598482929895496,deployable_no_leak,False,False,none,-1,0,6,0,0,1,swap
P_domain_randomized_stress,domain_randomized,oracle,64,37,55,0.9256915520316233,0.9256915520316233,0.0,0.0,0.0,0.0,0.27609554938632813,0.0,0.0,0.6884509976952451,0.5393658701847998,0.9256915520316233,0.0,0.0,-0.46598482929895496,oracle_upper_bound,True,True,eval_oracle,-1,0,6,0,0,1,swap
P_domain_randomized_stress,domain_randomized,raw,64,38,31,1.35,0.0,1.0,1.0,1.0,1.0,0.6693948439972178,0.0,1.35,0.6649858250194329,0.5814481715424995,0.9320624896752476,0.9320624896752476,0.9320624896752476,-0.616178769004237,deployable_no_leak,False,False,none,-1,0,3,0,1,1,raw
P_domain_randomized_stress,domain_randomized,observable_repair,64,38,43,1.2203296331859188,0.8189232137037228,0.0,0.0,0.0,0.0,0.15297944034450695,0.0,0.401406419482196,0.6649858250194329,0.5814481715424995,0.9320624896752476,0.11313927597152484,0.11313927597152484,-0.616178769004237,support_covered,False,True,fixed_predeclared,-1,0,3,0,1,1,raw
P_domain_randomized_stress,domain_randomized,combined_repair,64,38,43,1.3390716500434405,0.8189232137037228,0.0,0.0,0.0,0.0,0.15297944034450695,0.0,0.5201484363397177,0.6649858250194329,0.5814481715424995,0.9320624896752476,0.11313927597152484,0.11313927597152484,-0.616178769004237,oracle_upper_bound,False,True,fixed_predeclared,-1,0,3,0,1,1,raw
P_domain_randomized_stress,domain_randomized,random,64,38,28,0.7144765638498537,0.4996705795481539,0.0,0.0,1.0,0.0,0.137370177071705,0.0,0.21480598430169978,0.6649858250194329,0.5814481715424995,0.9320624896752476,0.4323919101270937,0.4323919101270937,-0.616178769004237,deployable_no_leak,False,False,none,-1,0,3,0,1,1,raw
P_domain_randomized_stress,domain_randomized,oracle,64,38,3,0.9320624896752476,0.9320624896752476,0.0,0.0,0.0,0.0,0.13782843402613537,0.0,0.0,0.6649858250194329,0.5814481715424995,0.9320624896752476,0.0,0.0,-0.616178769004237,oracle_upper_bound,True,True,eval_oracle,-1,0,3,0,1,1,raw
P_domain_randomized_stress,domain_randomized,raw,64,39,59,1.2900545707213034,0.0,1.0,1.0,1.0,1.0,0.7213200722709514,1.0,1.2900545707213034,0.7094721702121669,0.48573481995275397,0.9045636289058466,0.9045636289058466,0.9045636289058466,-0.5880455702949017,deployable_no_leak,False,False,none,-1,0,9,1,1,0,raw
P_domain_randomized_stress,domain_randomized,observable_repair,64,39,19,1.2355342011962653,0.8669392223461017,0.0,0.0,0.0,0.0,0.07767083954483767,0.0,0.3685949788501637,0.7094721702121669,0.48573481995275397,0.9045636289058466,0.03762440655974497,0.03762440655974497,-0.5880455702949017,support_covered,False,True,fixed_predeclared,-1,0,9,1,1,0,raw
P_domain_randomized_stress,domain_randomized,combined_repair,64,39,19,1.3531578879535993,0.8669392223461017,0.0,0.0,0.0,0.0,0.07767083954483767,0.0,0.4862186656074976,0.7094721702121669,0.48573481995275397,0.9045636289058466,0.03762440655974497,0.03762440655974497,-0.5880455702949017,oracle_upper_bound,False,True,fixed_predeclared,-1,0,9,1,1,0,raw
P_domain_randomized_stress,domain_randomized,random,64,39,35,0.8873749274398509,0.19608690439226903,1.0,1.0,0.0,0.0,0.2150241004757416,1.0,0.6912880230475819,0.7094721702121669,0.48573481995275397,0.9045636289058466,0.7084767245135776,0.7084767245135776,-0.5880455702949017,deployable_no_leak,False,False,none,-1,0,9,1,1,0,raw
P_domain_randomized_stress,domain_randomized,oracle,64,39,47,0.9045636289058466,0.9045636289058466,0.0,0.0,0.0,0.0,0.1971289572785836,0.0,0.0,0.7094721702121669,0.48573481995275397,0.9045636289058466,0.0,0.0,-0.5880455702949017,oracle_upper_bound,True,True,eval_oracle,-1,0,9,1,1,0,raw
P_domain_randomized_stress,domain_randomized,raw,64,40,24,1.1875939832704407,0.0,1.0,0.0,1.0,0.0,0.27404904454252704,1.0,1.1875939832704407,0.6837158607422373,0.4066177691479324,0.8890933985344454,0.8890933985344454,0.8890933985344454,-0.4374793916104083,deployable_no_leak,False,False,none,-1,0,6,1,1,1,raw
P_domain_randomized_stress,domain_randomized,observable_repair,64,40,28,1.1765647991864605,0.8034471328327388,0.0,0.0,0.0,0.0,0.12631043660578023,0.0,0.3731176663537217,0.6837158607422373,0.4066177691479324,0.8890933985344454,0.08564626570170653,0.08564626570170653,-0.4374793916104083,support_covered,False,True,fixed_predeclared,-1,0,6,1,1,1,raw
P_domain_randomized_stress,domain_randomized,combined_repair,64,40,40,1.2876947770873963,0.8296623279597526,0.0,0.0,0.0,0.0,0.24475718930185175,0.0,0.45803244912764374,0.6837158607422373,0.4066177691479324,0.8890933985344454,0.05943107057469277,0.05943107057469277,-0.4374793916104083,oracle_upper_bound,False,True,fixed_predeclared,-1,0,6,1,1,1,raw
P_domain_randomized_stress,domain_randomized,random,64,40,45,0.940005983901458,0.5483768171398495,0.0,0.0,1.0,0.0,0.19731786191946038,0.0,0.3916291667616084,0.6837158607422373,0.4066177691479324,0.8890933985344454,0.3407165813945958,0.3407165813945958,-0.4374793916104083,deployable_no_leak,False,False,none,-1,0,6,1,1,1,raw
P_domain_randomized_stress,domain_randomized,oracle,64,40,9,0.8890933985344454,0.8890933985344454,0.0,0.0,0.0,0.0,0.12638547149303717,0.0,0.0,0.6837158607422373,0.4066177691479324,0.8890933985344454,0.0,0.0,-0.4374793916104083,oracle_upper_bound,True,True,eval_oracle,-1,0,6,1,1,1,raw
P_domain_randomized_stress,domain_randomized,raw,64,41,3,1.35,0.0,1.0,1.0,1.0,1.0,0.6493395451268855,1.0,1.35,0.7399095546504373,0.4148565366918123,0.9138700473631622,0.9138700473631622,0.9138700473631622,-0.621920568979761,deployable_no_leak,False,False,none,-1,0,3,1,1,1,raw
P_domain_randomized_stress,domain_randomized,observable_repair,64,41,43,1.22823896764514,0.8780856308138507,0.0,0.0,0.0,0.0,0.1524112999257037,0.0,0.35015333683128924,0.7399095546504373,0.4148565366918123,0.9138700473631622,0.035784416549311526,0.035784416549311526,-0.621920568979761,support_covered,False,True,fixed_predeclared,-1,0,3,1,1,1,raw
P_domain_randomized_stress,domain_randomized,combined_repair,64,41,43,1.3491926650285593,0.8780856308138507,0.0,0.0,0.0,0.0,0.1524112999257037,0.0,0.47110703421470856,0.7399095546504373,0.4148565366918123,0.9138700473631622,0.035784416549311526,0.035784416549311526,-0.621920568979761,oracle_upper_bound,False,True,fixed_predeclared,-1,0,3,1,1,1,raw
P_domain_randomized_stress,domain_randomized,random,64,41,17,0.9106497611686136,0.11141778230533864,1.0,1.0,0.0,1.0,0.6849922515416123,1.0,0.799231978863275,0.7399095546504373,0.4148565366918123,0.9138700473631622,0.8024522650578236,0.8024522650578236,-0.621920568979761,deployable_no_leak,False,False,none,-1,0,3,1,1,1,raw
P_domain_randomized_stress,domain_randomized,oracle,64,41,34,0.9138700473631622,0.9138700473631622,0.0,0.0,0.0,0.0,0.22855832229363893,0.0,0.0,0.7399095546504373,0.4148565366918123,0.9138700473631622,0.0,0.0,-0.621920568979761,oracle_upper_bound,True,True,eval_oracle,-1,0,3,1,1,1,raw
P_domain_randomized_stress,domain_randomized,raw,64,42,40,0.9934376860393773,0.24410166868706626,1.0,1.0,0.0,0.0,0.19780212232628488,0.0,0.749336017352311,0.5726976047531611,0.645268659669393,0.9354487544086464,0.6913470857215801,0.6913470857215801,-0.525748205192848,deployable_no_leak,False,False,none,-1,0,6,0,1,0,hidden_property
P_domain_randomized_stress,domain_randomized,observable_repair,64,42,24,1.2037153546383477,0.7845867951216479,0.0,0.0,0.0,0.0,0.16794167485935715,0.0,0.4191285595166998,0.5726976047531611,0.645268659669393,0.9354487544086464,0.15086195928699853,0.15086195928699853,-0.525748205192848,support_covered,False,True,fixed_predeclared,-1,0,6,0,1,0,hidden_property
P_domain_randomized_stress,domain_randomized,combined_repair,64,42,24,1.3191856652692993,0.7845867951216479,0.0,0.0,0.0,0.0,0.16794167485935715,0.0,0.5345988701476514,0.5726976047531611,0.645268659669393,0.9354487544086464,0.15086195928699853,0.15086195928699853,-0.525748205192848,oracle_upper_bound,False,True,fixed_predeclared,-1,0,6,0,1,0,hidden_property
P_domain_randomized_stress,domain_randomized,random,64,42,35,0.6286421189564427,0.9184802613888259,0.0,0.0,0.0,0.0,0.176797162894275,0.0,-0.28983814243238315,0.5726976047531611,0.645268659669393,0.9354487544086464,0.016968493019820508,0.016968493019820508,-0.525748205192848,deployable_no_leak,False,False,none,-1,0,6,0,1,0,hidden_property
P_domain_randomized_stress,domain_randomized,oracle,64,42,6,0.9354487544086464,0.9354487544086464,0.0,0.0,0.0,0.0,0.11233486047383638,0.0,0.0,0.5726976047531611,0.645268659669393,0.9354487544086464,0.0,0.0,-0.525748205192848,oracle_upper_bound,True,True,eval_oracle,-1,0,6,0,1,0,hidden_property
P_domain_randomized_stress,domain_randomized,raw,64,43,51,1.317594095914105,0.0,1.0,1.0,1.0,1.0,0.7060478029312249,0.0,1.317594095914105,0.7410173492977677,0.4394331265676846,0.9149237435702933,0.9149237435702933,0.9149237435702933,-0.37038056930821595,deployable_no_leak,False,False,none,-1,0,4,0,1,1,raw
P_domain_randomized_stress,domain_randomized,observable_repair,64,43,52,1.1985903785440712,0.8388238642503492,0.0,0.0,0.0,0.0,0.16557885459177754,0.0,0.3597665142937221,0.7410173492977677,0.4394331265676846,0.9149237435702933,0.07609987931994411,0.07609987931994411,-0.37038056930821595,support_covered,False,True,fixed_predeclared,-1,0,4,0,1,1,raw
P_domain_randomized_stress,domain_randomized,combined_repair,64,43,52,1.3131466582098381,0.8388238642503492,0.0,0.0,0.0,0.0,0.16557885459177754,0.0,0.47432279395948895,0.7410173492977677,0.4394331265676846,0.9149237435702933,0.07609987931994411,0.07609987931994411,-0.37038056930821595,oracle_upper_bound,False,True,fixed_predeclared,-1,0,4,0,1,1,raw
P_domain_randomized_stress,domain_randomized,random,64,43,6,0.9260620397211499,0.2630979919648844,0.0,0.0,1.0,1.0,0.7160674752415599,0.0,0.6629640477562655,0.7410173492977677,0.4394331265676846,0.9149237435702933,0.6518257516054089,0.6518257516054089,-0.37038056930821595,deployable_no_leak,False,False,none,-1,0,4,0,1,1,raw
P_domain_randomized_stress,domain_randomized,oracle,64,43,61,0.9149237435702933,0.9149237435702933,0.0,0.0,0.0,0.0,0.3079933955652965,0.0,0.0,0.7410173492977677,0.4394331265676846,0.9149237435702933,0.0,0.0,-0.37038056930821595,oracle_upper_bound,True,True,eval_oracle,-1,0,4,0,1,1,raw
P_domain_randomized_stress,domain_randomized,raw,64,44,39,1.35,0.0,1.0,1.0,1.0,1.0,0.7333180379670464,1.0,1.35,0.692085530036522,0.4981334037083911,0.9249626133201421,0.9249626133201421,0.9249626133201421,-0.5745537890811507,deployable_no_leak,False,False,none,-1,0,6,1,1,0,raw
P_domain_randomized_stress,domain_randomized,observable_repair,64,44,13,1.2159369151773982,0.9249626133201421,0.0,0.0,0.0,0.0,0.18218432206099897,0.0,0.29097430185725615,0.692085530036522,0.4981334037083911,0.9249626133201421,0.0,0.0,-0.5745537890811507,support_covered,False,True,fixed_predeclared,-1,0,6,1,1,0,raw
P_domain_randomized_stress,domain_randomized,combined_repair,64,44,13,1.336453698385433,0.9249626133201421,0.0,0.0,0.0,0.0,0.18218432206099897,0.0,0.41149108506529086,0.692085530036522,0.4981334037083911,0.9249626133201421,0.0,0.0,-0.5745537890811507,oracle_upper_bound,False,True,fixed_predeclared,-1,0,6,1,1,0,raw
P_domain_randomized_stress,domain_randomized,random,64,44,0,0.5419717907494948,0.8595645022386873,0.0,0.0,0.0,0.0,0.21560088096124358,0.0,-0.31759271148919255,0.692085530036522,0.4981334037083911,0.9249626133201421,0.06539811108145477,0.06539811108145477,-0.5745537890811507,deployable_no_leak,False,False,none,-1,0,6,1,1,0,raw
P_domain_randomized_stress,domain_randomized,oracle,64,44,13,0.9249626133201421,0.9249626133201421,0.0,0.0,0.0,0.0,0.18218432206099897,0.0,0.0,0.692085530036522,0.4981334037083911,0.9249626133201421,0.0,0.0,-0.5745537890811507,oracle_upper_bound,True,True,eval_oracle,-1,0,6,1,1,0,raw
P_domain_randomized_stress,domain_randomized,raw,64,45,61,1.35,0.0,1.0,0.0,1.0,1.0,0.7348235488616831,0.0,1.35,0.713314117584618,0.47733630850171777,0.9027923200667379,0.9027923200667379,0.9027923200667379,-0.5202273924932165,deployable_no_leak,False,False,none,-1,0,6,0,1,1,raw
P_domain_randomized_stress,domain_randomized,observable_repair,64,45,33,1.2349980703500387,0.9018149356510059,0.0,0.0,0.0,0.0,0.13182159559094064,0.0,0.3331831346990328,0.713314117584618,0.47733630850171777,0.9027923200667379,0.00097738441573203,0.00097738441573203,-0.5202273924932165,support_covered,False,True,fixed_predeclared,-1,0,6,0,1,1,raw
P_domain_randomized_stress,domain_randomized,combined_repair,64,45,33,1.3566887820745175,0.9018149356510059,0.0,0.0,0.0,0.0,0.13182159559094064,0.0,0.4548738464235116,0.713314117584618,0.47733630850171777,0.9027923200667379,0.00097738441573203,0.00097738441573203,-0.5202273924932165,oracle_upper_bound,False,True,fixed_predeclared,-1,0,6,0,1,1,raw
P_domain_randomized_stress,domain_randomized,random,64,45,35,0.665500953914923,0.48940281498429133,0.0,0.0,1.0,0.0,0.28999170701103333,0.0,0.1760981389306317,0.713314117584618,0.47733630850171777,0.9027923200667379,0.4133895050824466,0.4133895050824466,-0.5202273924932165,deployable_no_leak,False,False,none,-1,0,6,0,1,1,raw
P_domain_randomized_stress,domain_randomized,oracle,64,45,26,0.9027923200667379,0.9027923200667379,0.0,0.0,0.0,0.0,0.2203290541464622,0.0,0.0,0.713314117584618,0.47733630850171777,0.9027923200667379,0.0,0.0,-0.5202273924932165,oracle_upper_bound,True,True,eval_oracle,-1,0,6,0,1,1,raw
P_domain_randomized_stress,domain_randomized,raw,64,46,23,1.343410204749478,0.0,1.0,1.0,1.0,1.0,0.6782987647317698,1.0,1.343410204749478,0.7689285047606944,0.3094159562747796,0.925510033144782,0.925510033144782,0.925510033144782,-0.2755237001777327,deployable_no_leak,False,False,none,-1,0,5,1,1,1,raw
P_domain_randomized_stress,domain_randomized,observable_repair,64,46,41,1.227017509993061,0.925510033144782,0.0,0.0,0.0,0.0,0.12401802735285784,0.0,0.30150747684827894,0.7689285047606944,0.3094159562747796,0.925510033144782,0.0,0.0,-0.2755237001777327,support_covered,False,True,fixed_predeclared,-1,0,5,1,1,1,raw
P_domain_randomized_stress,domain_randomized,combined_repair,64,46,41,1.3462321844345118,0.925510033144782,0.0,0.0,0.0,0.0,0.12401802735285784,0.0,0.4207221512897298,0.7689285047606944,0.3094159562747796,0.925510033144782,0.0,0.0,-0.2755237001777327,oracle_upper_bound,False,True,fixed_predeclared,-1,0,5,1,1,1,raw
P_domain_randomized_stress,domain_randomized,random,64,46,38,1.070909715175143,0.1142527020856905,1.0,1.0,0.0,1.0,0.8230180142574911,1.0,0.9566570130894525,0.7689285047606944,0.3094159562747796,0.925510033144782,0.8112573310590915,0.8112573310590915,-0.2755237001777327,deployable_no_leak,False,False,none,-1,0,5,1,1,1,raw
P_domain_randomized_stress,domain_randomized,oracle,64,46,41,0.925510033144782,0.925510033144782,0.0,0.0,0.0,0.0,0.12401802735285784,0.0,0.0,0.7689285047606944,0.3094159562747796,0.925510033144782,0.0,0.0,-0.2755237001777327,oracle_upper_bound,True,True,eval_oracle,-1,0,5,1,1,1,raw
P_domain_randomized_stress,domain_randomized,raw,64,47,6,1.3288446549294894,0.0,1.0,1.0,1.0,1.0,0.6967303029524552,1.0,1.3288446549294894,0.7070452925886903,0.4365008644783099,0.897116497605557,0.897116497605557,0.897116497605557,-0.4711153642166247,deployable_no_leak,False,False,none,-1,0,6,1,1,1,raw
P_domain_randomized_stress,domain_randomized,observable_repair,64,47,48,1.199680119236242,0.8787782891915742,0.0,0.0,0.0,0.0,0.11254850161965334,0.0,0.3209018300446679,0.7070452925886903,0.4365008644783099,0.897116497605557,0.018338208413982815,0.018338208413982815,-0.4711153642166247,support_covered,False,True,fixed_predeclared,-1,0,6,1,1,1,raw
P_domain_randomized_stress,domain_randomized,combined_repair,64,47,48,1.310586993141178,0.8787782891915742,0.0,0.0,0.0,0.0,0.11254850161965334,0.0,0.4318087039496038,0.7070452925886903,0.4365008644783099,0.897116497605557,0.018338208413982815,0.018338208413982815,-0.4711153642166247,oracle_upper_bound,False,True,fixed_predeclared,-1,0,6,1,1,1,raw
P_domain_randomized_stress,domain_randomized,random,64,47,30,0.8509331516255672,0.13152251278045818,1.0,1.0,0.0,0.0,0.132230515268879,1.0,0.7194106388451089,0.7070452925886903,0.4365008644783099,0.897116497605557,0.7655939848250988,0.7655939848250988,-0.4711153642166247,deployable_no_leak,False,False,none,-1,0,6,1,1,1,raw
P_domain_randomized_stress,domain_randomized,oracle,64,47,26,0.897116497605557,0.897116497605557,0.0,0.0,0.0,0.0,0.13988829911223905,0.0,0.0,0.7070452925886903,0.4365008644783099,0.897116497605557,0.0,0.0,-0.4711153642166247,oracle_upper_bound,True,True,eval_oracle,-1,0,6,1,1,1,raw
