experiment,scenario,selector,N,seed,selected_candidate_id,selected_object_score,selected_real_utility,identity_error,swap_rate,merge_split_rate,property_error,property_entropy,occlusion_error,object_real_gap,candidate_mean_score,candidate_mean_real_utility,candidate_best_real_utility,regret,oracle_gap,upper_tail_rank_correlation
K_ood_object_count,dense6_good,raw,64,0,2,0.7377831219972009,0.8004087815626639,0.0,0.0,0.0,0.0,0.13226613752707544,0.0,-0.06262565956546307,0.47844926799783094,0.796944621701932,0.9330855679115685,0.13267678634890456,0.13267678634890456,0.4472744752569219
K_ood_object_count,dense6_good,combined_repair,64,0,46,1.223423513415145,0.8007545066001516,0.0,0.0,0.0,0.0,0.14997273971608543,0.0,0.4226690068149934,0.47844926799783094,0.796944621701932,0.9330855679115685,0.13233106131141692,0.13233106131141692,0.4472744752569219
K_ood_object_count,dense6_good,random,64,0,32,0.3292552388363253,0.5608475150967536,0.0,0.0,0.0,1.0,0.7830241651150693,0.0,-0.23159227626042828,0.47844926799783094,0.796944621701932,0.9330855679115685,0.3722380528148149,0.3722380528148149,0.4472744752569219
K_ood_object_count,dense6_good,oracle,64,0,12,0.9330855679115685,0.9330855679115685,0.0,0.0,0.0,0.0,0.18210358050759703,0.0,0.0,0.47844926799783094,0.796944621701932,0.9330855679115685,0.0,0.0,0.4472744752569219
K_ood_object_count,dense6_raw,raw,64,0,25,1.3200423694354013,0.0,1.0,1.0,1.0,1.0,0.7141723032871041,1.0,1.3200423694354013,0.7032476978642302,0.4378300230282888,0.9329493025089678,0.9329493025089678,0.9329493025089678,-0.5806294757197012
K_ood_object_count,dense6_raw,combined_repair,64,0,10,1.3413667830342055,0.9245412095053812,0.0,0.0,0.0,0.0,0.19106438668368445,0.0,0.4168255735288243,0.7032476978642302,0.4378300230282888,0.9329493025089678,0.00840809300358658,0.00840809300358658,-0.5806294757197012
K_ood_object_count,dense6_raw,random,64,0,32,0.4348825706610011,0.8372407448812209,0.0,0.0,0.0,0.0,0.15691834910400873,0.0,-0.4023581742202198,0.7032476978642302,0.4378300230282888,0.9329493025089678,0.09570855762774688,0.09570855762774688,-0.5806294757197012
K_ood_object_count,dense6_raw,oracle,64,0,55,0.9329493025089678,0.9329493025089678,0.0,0.0,0.0,0.0,0.2514521106936721,0.0,0.0,0.7032476978642302,0.4378300230282888,0.9329493025089678,0.0,0.0,-0.5806294757197012
K_ood_object_count,dense8_occlusion,raw,64,0,47,1.1494435782147687,0.007097851742529165,1.0,1.0,0.0,1.0,0.7434658963723927,1.0,1.1423457264722396,0.7084282087924958,0.4341816386411233,0.9059375768078453,0.8988397250653161,0.8988397250653161,-0.20874661208445214
K_ood_object_count,dense8_occlusion,combined_repair,64,0,21,1.367554022584309,0.893767994589182,0.0,0.0,0.0,0.0,0.08814666929606309,0.0,0.47378602799512703,0.7084282087924958,0.4341816386411233,0.9059375768078453,0.012169582218663266,0.012169582218663266,-0.20874661208445214
K_ood_object_count,dense8_occlusion,random,64,0,32,0.9886898110056211,0.0,1.0,1.0,0.0,1.0,0.7372547963929423,1.0,0.9886898110056211,0.7084282087924958,0.4341816386411233,0.9059375768078453,0.9059375768078453,0.9059375768078453,-0.20874661208445214
K_ood_object_count,dense8_occlusion,oracle,64,0,3,0.9059375768078453,0.9059375768078453,0.0,0.0,0.0,0.0,0.18440648186382083,0.0,0.0,0.7084282087924958,0.4341816386411233,0.9059375768078453,0.0,0.0,-0.20874661208445214
K_ood_object_count,dense8_hidden,raw,64,0,14,1.1152681778435432,0.1936231384182264,1.0,1.0,0.0,1.0,0.6960363770996112,0.0,0.9216450394253167,0.5686775244519208,0.7090091959855467,0.9093437121296999,0.7157205737114735,0.7157205737114735,-0.6277427750558296
K_ood_object_count,dense8_hidden,combined_repair,64,0,18,1.3501302715899974,0.8838858524386678,0.0,0.0,0.0,0.0,0.1401920194660618,0.0,0.46624441915132964,0.5686775244519208,0.7090091959855467,0.9093437121296999,0.025457859691032092,0.025457859691032092,-0.6277427750558296
K_ood_object_count,dense8_hidden,random,64,0,32,0.4758339237377775,0.7904408257087305,0.0,0.0,0.0,0.0,0.18284059395642233,0.0,-0.31460690197095303,0.5686775244519208,0.7090091959855467,0.9093437121296999,0.11890288642096936,0.11890288642096936,-0.6277427750558296
K_ood_object_count,dense8_hidden,oracle,64,0,12,0.9093437121296999,0.9093437121296999,0.0,0.0,0.0,0.0,0.14666259446280902,0.0,0.0,0.5686775244519208,0.7090091959855467,0.9093437121296999,0.0,0.0,-0.6277427750558296
K_ood_object_count,dense6_good,raw,64,1,43,0.765260086542422,0.8291607928410698,0.0,0.0,0.0,0.0,0.14760957986313056,0.0,-0.06390070629864786,0.5141237041519311,0.8000662455147404,0.9292731387787135,0.10011234593764373,0.10011234593764373,-0.3510687014012569
K_ood_object_count,dense6_good,combined_repair,64,1,44,1.2260912436464502,0.8370181296147055,0.0,0.0,0.0,0.0,0.163642831238289,0.0,0.3890731140317447,0.5141237041519311,0.8000662455147404,0.9292731387787135,0.09225500916400808,0.09225500916400808,-0.3510687014012569
K_ood_object_count,dense6_good,random,64,1,11,0.6002691209090691,0.8381326043987171,0.0,0.0,0.0,0.0,0.18378693988908035,0.0,-0.23786348348964792,0.5141237041519311,0.8000662455147404,0.9292731387787135,0.09114053437999647,0.09114053437999647,-0.3510687014012569
K_ood_object_count,dense6_good,oracle,64,1,41,0.9292731387787135,0.9292731387787135,0.0,0.0,0.0,0.0,0.14569876902501697,0.0,0.0,0.5141237041519311,0.8000662455147404,0.9292731387787135,0.0,0.0,-0.3510687014012569
K_ood_object_count,dense6_raw,raw,64,1,25,1.3409892263028718,0.0,1.0,1.0,1.0,1.0,0.6867584163733399,1.0,1.3409892263028718,0.6815979893185318,0.4646873167215748,0.9125322851937295,0.9125322851937295,0.9125322851937295,-0.4925455142937168
K_ood_object_count,dense6_raw,combined_repair,64,1,32,1.3393624964948099,0.9080582122391411,0.0,0.0,0.0,0.0,0.17365680033595404,0.0,0.4313042842556688,0.6815979893185318,0.4646873167215748,0.9125322851937295,0.0044740729545884594,0.0044740729545884594,-0.4925455142937168
K_ood_object_count,dense6_raw,random,64,1,11,0.8043133366152859,0.803429971925904,0.0,0.0,0.0,1.0,0.6954995825999084,0.0,0.0008833646893818825,0.6815979893185318,0.4646873167215748,0.9125322851937295,0.10910231326782549,0.10910231326782549,-0.4925455142937168
K_ood_object_count,dense6_raw,oracle,64,1,59,0.9125322851937295,0.9125322851937295,0.0,0.0,0.0,0.0,0.14784546423655381,0.0,0.0,0.6815979893185318,0.4646873167215748,0.9125322851937295,0.0,0.0,-0.4925455142937168
K_ood_object_count,dense8_occlusion,raw,64,1,31,1.1862179468730942,0.0,1.0,1.0,0.0,1.0,0.6678559882127878,1.0,1.1862179468730942,0.6847191767516427,0.456764454807278,0.9254231557296213,0.9254231557296213,0.9254231557296213,-0.5433616757141745
K_ood_object_count,dense8_occlusion,combined_repair,64,1,56,1.3319729302401253,0.8892233986223077,0.0,0.0,0.0,0.0,0.15855328350349104,0.0,0.4427495316178176,0.6847191767516427,0.456764454807278,0.9254231557296213,0.0361997571073136,0.0361997571073136,-0.5433616757141745
K_ood_object_count,dense8_occlusion,random,64,1,11,0.5570265577684108,0.7917290543325555,0.0,0.0,0.0,0.0,0.1633941713996983,0.0,-0.23470249656414466,0.6847191767516427,0.456764454807278,0.9254231557296213,0.13369410139706583,0.13369410139706583,-0.5433616757141745
K_ood_object_count,dense8_occlusion,oracle,64,1,61,0.9254231557296213,0.9254231557296213,0.0,0.0,0.0,0.0,0.19616174126259825,0.0,0.0,0.6847191767516427,0.456764454807278,0.9254231557296213,0.0,0.0,-0.5433616757141745
K_ood_object_count,dense8_hidden,raw,64,1,62,1.032975921456092,0.0,1.0,1.0,0.0,1.0,0.7295138221789791,0.0,1.032975921456092,0.6176515698586803,0.6235095801186561,0.9080520413921387,0.9080520413921387,0.9080520413921387,-0.47440905417509704
K_ood_object_count,dense8_hidden,combined_repair,64,1,26,1.314908668669354,0.9002256398737727,0.0,0.0,0.0,0.0,0.17579617857285776,0.0,0.4146830287955814,0.6176515698586803,0.6235095801186561,0.9080520413921387,0.007826401518366,0.007826401518366,-0.47440905417509704
K_ood_object_count,dense8_hidden,random,64,1,11,0.8262715579071904,0.0,0.0,0.0,1.0,1.0,0.674416661170152,0.0,0.8262715579071904,0.6176515698586803,0.6235095801186561,0.9080520413921387,0.9080520413921387,0.9080520413921387,-0.47440905417509704
K_ood_object_count,dense8_hidden,oracle,64,1,10,0.9080520413921387,0.9080520413921387,0.0,0.0,0.0,0.0,0.12032476413276359,0.0,0.0,0.6176515698586803,0.6235095801186561,0.9080520413921387,0.0,0.0,-0.47440905417509704
K_ood_object_count,dense6_good,raw,64,2,11,0.8048694137400831,0.7452214273167954,0.0,0.0,0.0,0.0,0.22980195065085485,0.0,0.059647986423287724,0.5180765737958364,0.7924760363991452,0.9323350605588617,0.1871136332420663,0.1871136332420663,-0.13526441642920656
K_ood_object_count,dense6_good,combined_repair,64,2,36,1.216438354892238,0.8014920011325387,0.0,0.0,0.0,0.0,0.11049836805475045,0.0,0.41494635375969924,0.5180765737958364,0.7924760363991452,0.9323350605588617,0.13084305942632302,0.13084305942632302,-0.13526441642920656
K_ood_object_count,dense6_good,random,64,2,60,0.5987913711447931,0.8821949093787512,0.0,0.0,0.0,0.0,0.18892107957172524,0.0,-0.28340353823395814,0.5180765737958364,0.7924760363991452,0.9323350605588617,0.050140151180110504,0.050140151180110504,-0.13526441642920656
K_ood_object_count,dense6_good,oracle,64,2,57,0.9323350605588617,0.9323350605588617,0.0,0.0,0.0,0.0,0.2211025936091684,0.0,0.0,0.5180765737958364,0.7924760363991452,0.9323350605588617,0.0,0.0,-0.13526441642920656
K_ood_object_count,dense6_raw,raw,64,2,0,1.3191825515141702,0.0,1.0,1.0,1.0,1.0,0.7557303645465834,1.0,1.3191825515141702,0.7025750062363914,0.4566728762551604,0.9026504781058815,0.9026504781058815,0.9026504781058815,-0.42294976349657865
K_ood_object_count,dense6_raw,combined_repair,64,2,41,1.3242074437186007,0.813318950355338,0.0,0.0,0.0,0.0,0.08741095762933887,0.0,0.5108884933632627,0.7025750062363914,0.4566728762551604,0.9026504781058815,0.08933152775054354,0.08933152775054354,-0.42294976349657865
K_ood_object_count,dense6_raw,random,64,2,60,0.7718611561714956,0.10233796779673318,1.0,1.0,0.0,0.0,0.16413189116836044,1.0,0.6695231883747624,0.7025750062363914,0.4566728762551604,0.9026504781058815,0.8003125103091483,0.8003125103091483,-0.42294976349657865
K_ood_object_count,dense6_raw,oracle,64,2,23,0.9026504781058815,0.9026504781058815,0.0,0.0,0.0,0.0,0.11164760721044797,0.0,0.0,0.7025750062363914,0.4566728762551604,0.9026504781058815,0.0,0.0,-0.42294976349657865
K_ood_object_count,dense8_occlusion,raw,64,2,30,1.3161498761352441,0.0,1.0,1.0,1.0,1.0,0.6955775835844272,1.0,1.3161498761352441,0.7182617763375491,0.373661222422912,0.9347626437523233,0.9347626437523233,0.9347626437523233,-0.5102052505295019
K_ood_object_count,dense8_occlusion,combined_repair,64,2,31,1.3292838574636765,0.9347626437523233,0.0,0.0,0.0,0.0,0.15002249068405737,0.0,0.3945212137113532,0.7182617763375491,0.373661222422912,0.9347626437523233,0.0,0.0,-0.5102052505295019
K_ood_object_count,dense8_occlusion,random,64,2,60,0.3359025713066761,0.7379366625872973,0.0,0.0,0.0,0.0,0.14649222605706053,0.0,-0.4020340912806212,0.7182617763375491,0.373661222422912,0.9347626437523233,0.19682598116502603,0.19682598116502603,-0.5102052505295019
K_ood_object_count,dense8_occlusion,oracle,64,2,31,0.9347626437523233,0.9347626437523233,0.0,0.0,0.0,0.0,0.15002249068405737,0.0,0.0,0.7182617763375491,0.373661222422912,0.9347626437523233,0.0,0.0,-0.5102052505295019
K_ood_object_count,dense8_hidden,raw,64,2,63,1.0209868314760189,0.3919349156013921,0.0,0.0,1.0,1.0,0.7583786221535901,0.0,0.6290519158746268,0.5750695630570895,0.638803848638055,0.9367239775049665,0.5447890619035745,0.5447890619035745,0.05624803435621415
K_ood_object_count,dense8_hidden,combined_repair,64,2,52,1.325575500047067,0.8927150037548643,0.0,0.0,0.0,0.0,0.11177253083291379,0.0,0.4328604962922027,0.5750695630570895,0.638803848638055,0.9367239775049665,0.044008973750102154,0.044008973750102154,0.05624803435621415
K_ood_object_count,dense8_hidden,random,64,2,60,0.8050344485671708,0.0,0.0,0.0,1.0,0.0,0.2081391309434669,0.0,0.8050344485671708,0.5750695630570895,0.638803848638055,0.9367239775049665,0.9367239775049665,0.9367239775049665,0.05624803435621415
K_ood_object_count,dense8_hidden,oracle,64,2,24,0.9367239775049665,0.9367239775049665,0.0,0.0,0.0,0.0,0.17256502822802625,0.0,0.0,0.5750695630570895,0.638803848638055,0.9367239775049665,0.0,0.0,0.05624803435621415
K_ood_object_count,dense6_good,raw,64,3,22,0.7724058214552504,0.8167787009414967,0.0,0.0,0.0,0.0,0.1402652226427537,0.0,-0.04437287948624635,0.5246871740341024,0.7937737680502082,0.9337955756397264,0.11701687469822963,0.11701687469822963,-0.01928305263498512
K_ood_object_count,dense6_good,combined_repair,64,3,22,1.2400489702229662,0.8167787009414967,0.0,0.0,0.0,0.0,0.1402652226427537,0.0,0.4232702692814695,0.5246871740341024,0.7937737680502082,0.9337955756397264,0.11701687469822963,0.11701687469822963,-0.01928305263498512
K_ood_object_count,dense6_good,random,64,3,50,0.31781235370273964,0.8842874908656891,0.0,0.0,0.0,0.0,0.12384076229778647,0.0,-0.5664751371629495,0.5246871740341024,0.7937737680502082,0.9337955756397264,0.04950808477403723,0.04950808477403723,-0.01928305263498512
K_ood_object_count,dense6_good,oracle,64,3,18,0.9337955756397264,0.9337955756397264,0.0,0.0,0.0,0.0,0.19903188800828678,0.0,0.0,0.5246871740341024,0.7937737680502082,0.9337955756397264,0.0,0.0,-0.01928305263498512
K_ood_object_count,dense6_raw,raw,64,3,1,1.35,0.0,1.0,1.0,1.0,1.0,0.6767775753341729,1.0,1.35,0.7876773907128382,0.33468147377688073,0.9171192456921473,0.9171192456921473,0.9171192456921473,-0.42313509648640474
K_ood_object_count,dense6_raw,combined_repair,64,3,6,1.2884072176575618,0.8041649157609025,0.0,0.0,0.0,0.0,0.1278577759021884,0.0,0.4842423018966593,0.7876773907128382,0.33468147377688073,0.9171192456921473,0.11295432993124477,0.11295432993124477,-0.42313509648640474
K_ood_object_count,dense6_raw,random,64,3,50,0.9773509299620357,0.1634351682131299,1.0,1.0,0.0,0.0,0.16463427846248588,1.0,0.8139157617489058,0.7876773907128382,0.33468147377688073,0.9171192456921473,0.7536840774790174,0.7536840774790174,-0.42313509648640474
K_ood_object_count,dense6_raw,oracle,64,3,38,0.9171192456921473,0.9171192456921473,0.0,0.0,0.0,0.0,0.24072701384390927,0.0,0.0,0.7876773907128382,0.33468147377688073,0.9171192456921473,0.0,0.0,-0.42313509648640474
K_ood_object_count,dense8_occlusion,raw,64,3,34,1.1353740699055574,0.0,1.0,1.0,0.0,1.0,0.7239431455746433,1.0,1.1353740699055574,0.6898171175504211,0.39004312092785254,0.9198758811042812,0.9198758811042812,0.9198758811042812,-0.3072981746478611
K_ood_object_count,dense8_occlusion,combined_repair,64,3,36,1.324271235809082,0.860529086956328,0.0,0.0,0.0,0.0,0.07676172827405861,0.0,0.463742148852754,0.6898171175504211,0.39004312092785254,0.9198758811042812,0.059346794147953186,0.059346794147953186,-0.3072981746478611
K_ood_object_count,dense8_occlusion,random,64,3,50,0.6035247802609401,0.4763882567028243,0.0,0.0,0.0,1.0,0.750430797387476,0.0,0.12713652355811583,0.6898171175504211,0.39004312092785254,0.9198758811042812,0.4434876244014569,0.4434876244014569,-0.3072981746478611
K_ood_object_count,dense8_occlusion,oracle,64,3,23,0.9198758811042812,0.9198758811042812,0.0,0.0,0.0,0.0,0.20658849046887445,0.0,0.0,0.6898171175504211,0.39004312092785254,0.9198758811042812,0.0,0.0,-0.3072981746478611
K_ood_object_count,dense8_hidden,raw,64,3,5,1.0964138897637432,0.0,0.0,0.0,1.0,1.0,0.7399022361958361,0.0,1.0964138897637432,0.6153161996421522,0.6091876698546244,0.9134347099408192,0.9134347099408192,0.9134347099408192,-0.5120468942780102
K_ood_object_count,dense8_hidden,combined_repair,64,3,27,1.3327653220384605,0.8789490344546259,0.0,0.0,0.0,0.0,0.1501490701126432,0.0,0.45381628758383463,0.6153161996421522,0.6091876698546244,0.9134347099408192,0.0344856754861933,0.0344856754861933,-0.5120468942780102
K_ood_object_count,dense8_hidden,random,64,3,50,0.9378145738060903,0.32682942193336434,0.0,0.0,1.0,1.0,0.7545488316676745,0.0,0.6109851518727261,0.6153161996421522,0.6091876698546244,0.9134347099408192,0.5866052880074548,0.5866052880074548,-0.5120468942780102
K_ood_object_count,dense8_hidden,oracle,64,3,43,0.9134347099408192,0.9134347099408192,0.0,0.0,0.0,0.0,0.17343110205713722,0.0,0.0,0.6153161996421522,0.6091876698546244,0.9134347099408192,0.0,0.0,-0.5120468942780102
K_ood_object_count,dense6_good,raw,64,4,27,0.7372351436242874,0.7875990130510602,0.0,0.0,0.0,0.0,0.13472860502451428,0.0,-0.050363869426772734,0.49830923525150655,0.8298358693216104,0.9355771949715769,0.1479781819205167,0.1479781819205167,-0.24644549575921548
K_ood_object_count,dense6_good,combined_repair,64,4,63,1.1967788350691284,0.8273745823501335,0.0,0.0,0.0,0.0,0.13687510411743398,0.0,0.3694042527189949,0.49830923525150655,0.8298358693216104,0.9355771949715769,0.10820261262144337,0.10820261262144337,-0.24644549575921548
K_ood_object_count,dense6_good,random,64,4,31,0.5525081845174051,0.8757259516459168,0.0,0.0,0.0,0.0,0.182637022015335,0.0,-0.3232177671285117,0.49830923525150655,0.8298358693216104,0.9355771949715769,0.05985124332566005,0.05985124332566005,-0.24644549575921548
K_ood_object_count,dense6_good,oracle,64,4,8,0.9355771949715769,0.9355771949715769,0.0,0.0,0.0,0.0,0.21885016933246793,0.0,0.0,0.49830923525150655,0.8298358693216104,0.9355771949715769,0.0,0.0,-0.24644549575921548
K_ood_object_count,dense6_raw,raw,64,4,39,1.35,0.0,1.0,1.0,1.0,1.0,0.7732823808779709,1.0,1.35,0.7308600051725711,0.36993884256754916,0.9098486593033311,0.9098486593033311,0.9098486593033311,-0.4659589576972492
K_ood_object_count,dense6_raw,combined_repair,64,4,42,1.3239927305149881,0.9098486593033311,0.0,0.0,0.0,0.0,0.20320975769098232,0.0,0.41414407121165697,0.7308600051725711,0.36993884256754916,0.9098486593033311,0.0,0.0,-0.4659589576972492
K_ood_object_count,dense6_raw,random,64,4,31,0.7895778429094218,0.5885615393225729,0.0,0.0,0.0,1.0,0.6411491302045893,0.0,0.20101630358684885,0.7308600051725711,0.36993884256754916,0.9098486593033311,0.3212871199807582,0.3212871199807582,-0.4659589576972492
K_ood_object_count,dense6_raw,oracle,64,4,42,0.9098486593033311,0.9098486593033311,0.0,0.0,0.0,0.0,0.20320975769098232,0.0,0.0,0.7308600051725711,0.36993884256754916,0.9098486593033311,0.0,0.0,-0.4659589576972492
K_ood_object_count,dense8_occlusion,raw,64,4,41,1.1601444519098927,0.0,1.0,1.0,1.0,0.0,0.1271789064386029,1.0,1.1601444519098927,0.7125101002681145,0.36754520803160284,0.923610696310786,0.923610696310786,0.923610696310786,-0.5126305894609796
K_ood_object_count,dense8_occlusion,combined_repair,64,4,46,1.3337889117868857,0.8366122594259251,0.0,0.0,0.0,0.0,0.13488447839134782,0.0,0.49717665236096065,0.7125101002681145,0.36754520803160284,0.923610696310786,0.08699843688486086,0.08699843688486086,-0.5126305894609796
K_ood_object_count,dense8_occlusion,random,64,4,31,0.362561386714625,0.47169162667947184,0.0,0.0,0.0,1.0,0.7744824984489748,0.0,-0.10913023996484683,0.7125101002681145,0.36754520803160284,0.923610696310786,0.4519190696313141,0.4519190696313141,-0.5126305894609796
K_ood_object_count,dense8_occlusion,oracle,64,4,20,0.923610696310786,0.923610696310786,0.0,0.0,0.0,0.0,0.20441129406116748,0.0,0.0,0.7125101002681145,0.36754520803160284,0.923610696310786,0.0,0.0,-0.5126305894609796
K_ood_object_count,dense8_hidden,raw,64,4,48,1.0401297815169244,0.10508063265793041,1.0,0.0,0.0,1.0,0.7287547727546823,0.0,0.9350491488589939,0.596381314132292,0.6513487749686282,0.9242164837984319,0.8191358511405015,0.8191358511405015,-0.7691236021560072
K_ood_object_count,dense8_hidden,combined_repair,64,4,12,1.3174682010358598,0.9242164837984319,0.0,0.0,0.0,0.0,0.231637971592076,0.0,0.3932517172374279,0.596381314132292,0.6513487749686282,0.9242164837984319,0.0,0.0,-0.7691236021560072
K_ood_object_count,dense8_hidden,random,64,4,31,0.69643488085247,0.8954917149895221,0.0,0.0,0.0,0.0,0.14272806690936124,0.0,-0.1990568341370521,0.596381314132292,0.6513487749686282,0.9242164837984319,0.02872476880890984,0.02872476880890984,-0.7691236021560072
K_ood_object_count,dense8_hidden,oracle,64,4,12,0.9242164837984319,0.9242164837984319,0.0,0.0,0.0,0.0,0.231637971592076,0.0,0.0,0.596381314132292,0.6513487749686282,0.9242164837984319,0.0,0.0,-0.7691236021560072
K_ood_object_count,dense6_good,raw,64,5,31,0.7531072463765551,0.8139180027150607,0.0,0.0,0.0,0.0,0.16780523745836923,0.0,-0.06081075633850552,0.5242897932276198,0.837057680631599,0.9323010967025287,0.11838309398746805,0.11838309398746805,0.16920170141335714
K_ood_object_count,dense6_good,combined_repair,64,5,31,1.2323534000304852,0.8139180027150607,0.0,0.0,0.0,0.0,0.16780523745836923,0.0,0.41843539731542456,0.5242897932276198,0.837057680631599,0.9323010967025287,0.11838309398746805,0.11838309398746805,0.16920170141335714
K_ood_object_count,dense6_good,random,64,5,3,0.5200752073347965,0.8625532682780556,0.0,0.0,0.0,0.0,0.168368670658202,0.0,-0.34247806094325906,0.5242897932276198,0.837057680631599,0.9323010967025287,0.06974782842447314,0.06974782842447314,0.16920170141335714
K_ood_object_count,dense6_good,oracle,64,5,32,0.9323010967025287,0.9323010967025287,0.0,0.0,0.0,0.0,0.12907048269633975,0.0,0.0,0.5242897932276198,0.837057680631599,0.9323010967025287,0.0,0.0,0.16920170141335714
K_ood_object_count,dense6_raw,raw,64,5,4,1.35,0.0,1.0,1.0,1.0,1.0,0.7259372453994406,1.0,1.35,0.7449038371839655,0.390959025955035,0.8874035533652016,0.8874035533652016,0.8874035533652016,-0.5364441748701566
K_ood_object_count,dense6_raw,combined_repair,64,5,25,1.3027872223505774,0.8521102551286783,0.0,0.0,0.0,0.0,0.1706125352067971,0.0,0.4506769672218991,0.7449038371839655,0.390959025955035,0.8874035533652016,0.035293298236523274,0.035293298236523274,-0.5364441748701566
K_ood_object_count,dense6_raw,random,64,5,3,0.874915439529436,0.18337251533930107,1.0,1.0,0.0,0.0,0.2252813502581023,1.0,0.6915429241901349,0.7449038371839655,0.390959025955035,0.8874035533652016,0.7040310380259005,0.7040310380259005,-0.5364441748701566
K_ood_object_count,dense6_raw,oracle,64,5,34,0.8874035533652016,0.8874035533652016,0.0,0.0,0.0,0.0,0.19681585126819776,0.0,0.0,0.7449038371839655,0.390959025955035,0.8874035533652016,0.0,0.0,-0.5364441748701566
K_ood_object_count,dense8_occlusion,raw,64,5,57,1.156217161442378,0.0,1.0,1.0,0.0,1.0,0.7441257706540355,1.0,1.156217161442378,0.7050006090141574,0.4046190593774579,0.9112776574669424,0.9112776574669424,0.9112776574669424,-0.45934798229985724
K_ood_object_count,dense8_occlusion,combined_repair,64,5,32,1.3487394005317228,0.9009764571832003,0.0,0.0,0.0,0.0,0.13934834134802537,0.0,0.4477629433485225,0.7050006090141574,0.4046190593774579,0.9112776574669424,0.010301200283742151,0.010301200283742151,-0.45934798229985724
K_ood_object_count,dense8_occlusion,random,64,5,3,0.5369004072076586,0.0,1.0,1.0,0.0,0.0,0.18404981329266148,1.0,0.5369004072076586,0.7050006090141574,0.4046190593774579,0.9112776574669424,0.9112776574669424,0.9112776574669424,-0.45934798229985724
K_ood_object_count,dense8_occlusion,oracle,64,5,23,0.9112776574669424,0.9112776574669424,0.0,0.0,0.0,0.0,0.09704872173788659,0.0,0.0,0.7050006090141574,0.4046190593774579,0.9112776574669424,0.0,0.0,-0.45934798229985724
K_ood_object_count,dense8_hidden,raw,64,5,57,1.0262316052441756,0.0,0.0,0.0,1.0,1.0,0.7279702713495141,0.0,1.0262316052441756,0.6107600031734034,0.6869600087105328,0.9286938617859015,0.9286938617859015,0.9286938617859015,-0.6272029307109043
K_ood_object_count,dense8_hidden,combined_repair,64,5,38,1.3470145375750116,0.8681314975438293,0.0,0.0,0.0,0.0,0.0762792119003764,0.0,0.4788830400311822,0.6107600031734034,0.6869600087105328,0.9286938617859015,0.060562364242072175,0.060562364242072175,-0.6272029307109043
K_ood_object_count,dense8_hidden,random,64,5,3,0.5877777754721862,0.4276685987238828,0.0,0.0,1.0,0.0,0.17315442521657623,0.0,0.16010917674830344,0.6107600031734034,0.6869600087105328,0.9286938617859015,0.5010252630620187,0.5010252630620187,-0.6272029307109043
K_ood_object_count,dense8_hidden,oracle,64,5,53,0.9286938617859015,0.9286938617859015,0.0,0.0,0.0,0.0,0.19081990012921166,0.0,0.0,0.6107600031734034,0.6869600087105328,0.9286938617859015,0.0,0.0,-0.6272029307109043
K_ood_object_count,dense6_good,raw,64,6,47,0.7679425501397564,0.8167296544376488,0.0,0.0,0.0,0.0,0.18349259103675536,0.0,-0.04878710429789235,0.4973136200637295,0.8070628547656584,0.9301128655611332,0.11338321112348437,0.11338321112348437,0.30580747128504737
K_ood_object_count,dense6_good,combined_repair,64,6,47,1.2278695315931207,0.8167296544376488,0.0,0.0,0.0,0.0,0.18349259103675536,0.0,0.41113987715547196,0.4973136200637295,0.8070628547656584,0.9301128655611332,0.11338321112348437,0.11338321112348437,0.30580747128504737
K_ood_object_count,dense6_good,random,64,6,41,0.48972066875183573,0.9301128655611332,0.0,0.0,0.0,0.0,0.14868917697527403,0.0,-0.4403921968092974,0.4973136200637295,0.8070628547656584,0.9301128655611332,0.0,0.0,0.30580747128504737
K_ood_object_count,dense6_good,oracle,64,6,41,0.9301128655611332,0.9301128655611332,0.0,0.0,0.0,0.0,0.14868917697527403,0.0,0.0,0.4973136200637295,0.8070628547656584,0.9301128655611332,0.0,0.0,0.30580747128504737
K_ood_object_count,dense6_raw,raw,64,6,63,1.278476764882692,0.0,1.0,1.0,1.0,0.0,0.15489841881477628,1.0,1.278476764882692,0.7337141372318533,0.4130992878362125,0.9198094138318711,0.9198094138318711,0.9198094138318711,-0.4936468740071086
K_ood_object_count,dense6_raw,combined_repair,64,6,56,1.3821999366872868,0.9054478982724317,0.0,0.0,0.0,0.0,0.09846711665288478,0.0,0.47675203841485514,0.7337141372318533,0.4130992878362125,0.9198094138318711,0.01436151555943943,0.01436151555943943,-0.4936468740071086
K_ood_object_count,dense6_raw,random,64,6,41,0.6153143658235297,0.7942479117008983,0.0,0.0,0.0,1.0,0.7625314399941879,0.0,-0.17893354587736854,0.7337141372318533,0.4130992878362125,0.9198094138318711,0.12556150213097284,0.12556150213097284,-0.4936468740071086
K_ood_object_count,dense6_raw,oracle,64,6,42,0.9198094138318711,0.9198094138318711,0.0,0.0,0.0,0.0,0.19342094525617165,0.0,0.0,0.7337141372318533,0.4130992878362125,0.9198094138318711,0.0,0.0,-0.4936468740071086
K_ood_object_count,dense8_occlusion,raw,64,6,49,1.233375228530813,0.0,1.0,1.0,1.0,1.0,0.7007891903394706,1.0,1.233375228530813,0.7232619595265894,0.4345058330837278,0.897569766227698,0.897569766227698,0.897569766227698,-0.4949878851771901
K_ood_object_count,dense8_occlusion,combined_repair,64,6,0,1.3198095723092231,0.8489117588987416,0.0,0.0,0.0,0.0,0.13533999226864102,0.0,0.47089781341048154,0.7232619595265894,0.4345058330837278,0.897569766227698,0.04865800732895642,0.04865800732895642,-0.4949878851771901
K_ood_object_count,dense8_occlusion,random,64,6,41,0.6580626176722967,0.6298930654483016,0.0,0.0,0.0,1.0,0.6900815969727802,0.0,0.028169552223995087,0.7232619595265894,0.4345058330837278,0.897569766227698,0.2676767007793964,0.2676767007793964,-0.4949878851771901
K_ood_object_count,dense8_occlusion,oracle,64,6,40,0.897569766227698,0.897569766227698,0.0,0.0,0.0,0.0,0.15065738987374575,0.0,0.0,0.7232619595265894,0.4345058330837278,0.897569766227698,0.0,0.0,-0.4949878851771901
K_ood_object_count,dense8_hidden,raw,64,6,27,1.0477370138677502,0.1838579266310826,1.0,1.0,0.0,1.0,0.7593241441292925,0.0,0.8638790872366676,0.5990773721762368,0.7004373915049178,0.9207601409382881,0.7369022143072055,0.7369022143072055,-0.7957243734218952
K_ood_object_count,dense8_hidden,combined_repair,64,6,9,1.4104091818238829,0.9193227797649606,0.0,0.0,0.0,0.0,0.08740923831182885,0.0,0.4910864020589223,0.5990773721762368,0.7004373915049178,0.9207601409382881,0.0014373611733274894,0.0014373611733274894,-0.7957243734218952
K_ood_object_count,dense8_hidden,random,64,6,41,0.5220071128405827,0.864995661849075,0.0,0.0,0.0,0.0,0.2436463375074143,0.0,-0.3429885490084923,0.5990773721762368,0.7004373915049178,0.9207601409382881,0.055764479089213115,0.055764479089213115,-0.7957243734218952
K_ood_object_count,dense8_hidden,oracle,64,6,32,0.9207601409382881,0.9207601409382881,0.0,0.0,0.0,0.0,0.1458438153486596,0.0,0.0,0.5990773721762368,0.7004373915049178,0.9207601409382881,0.0,0.0,-0.7957243734218952
K_ood_object_count,dense6_good,raw,64,7,39,0.8106566061952488,0.7951393740189648,0.0,0.0,0.0,0.0,0.25301753417169914,0.0,0.01551723217628398,0.4990362281780505,0.8507170603365362,0.9383482521363422,0.14320887811737737,0.14320887811737737,-0.6755449138337797
K_ood_object_count,dense6_good,combined_repair,64,7,16,1.197480420130977,0.8476308259474669,0.0,0.0,0.0,0.0,0.1963051150567115,0.0,0.34984959418351014,0.4990362281780505,0.8507170603365362,0.9383482521363422,0.09071742618887535,0.09071742618887535,-0.6755449138337797
K_ood_object_count,dense6_good,random,64,7,60,0.4327529784303634,0.789316904173198,0.0,0.0,0.0,0.0,0.1959937792439376,0.0,-0.3565639257428346,0.4990362281780505,0.8507170603365362,0.9383482521363422,0.1490313479631442,0.1490313479631442,-0.6755449138337797
K_ood_object_count,dense6_good,oracle,64,7,40,0.9383482521363422,0.9383482521363422,0.0,0.0,0.0,0.0,0.22024182825344257,0.0,0.0,0.4990362281780505,0.8507170603365362,0.9383482521363422,0.0,0.0,-0.6755449138337797
K_ood_object_count,dense6_raw,raw,64,7,36,1.3403768241001477,0.0,1.0,0.0,1.0,1.0,0.732269700914572,1.0,1.3403768241001477,0.7312547815174333,0.3769435708833814,0.9225465863906772,0.9225465863906772,0.9225465863906772,-0.42585756440777467
K_ood_object_count,dense6_raw,combined_repair,64,7,15,1.3423108386995388,0.8938796405330515,0.0,0.0,0.0,0.0,0.15947355473545105,0.0,0.44843119816648735,0.7312547815174333,0.3769435708833814,0.9225465863906772,0.028666945857625747,0.028666945857625747,-0.42585756440777467
K_ood_object_count,dense6_raw,random,64,7,60,0.536489575686502,0.01533721208346836,1.0,1.0,0.0,0.0,0.19181812092607062,1.0,0.5211523636030336,0.7312547815174333,0.3769435708833814,0.9225465863906772,0.9072093743072088,0.9072093743072088,-0.42585756440777467
K_ood_object_count,dense6_raw,oracle,64,7,14,0.9225465863906772,0.9225465863906772,0.0,0.0,0.0,0.0,0.14838893110529552,0.0,0.0,0.7312547815174333,0.3769435708833814,0.9225465863906772,0.0,0.0,-0.42585756440777467
K_ood_object_count,dense8_occlusion,raw,64,7,58,1.1989761258604448,0.0,1.0,0.0,1.0,0.0,0.20887963802862977,1.0,1.1989761258604448,0.6395032564515133,0.4694981259804605,0.9148555641133103,0.9148555641133103,0.9148555641133103,-0.41830492974507616
K_ood_object_count,dense8_occlusion,combined_repair,64,7,49,1.3009194018183163,0.7985966406178802,0.0,0.0,0.0,0.0,0.13399629860925283,0.0,0.5023227612004362,0.6395032564515133,0.4694981259804605,0.9148555641133103,0.1162589234954301,0.1162589234954301,-0.41830492974507616
K_ood_object_count,dense8_occlusion,random,64,7,60,0.47737783143606743,0.5341355774163912,0.0,0.0,0.0,1.0,0.7268986921447891,0.0,-0.05675774598032374,0.6395032564515133,0.4694981259804605,0.9148555641133103,0.3807199866969191,0.3807199866969191,-0.41830492974507616
K_ood_object_count,dense8_occlusion,oracle,64,7,63,0.9148555641133103,0.9148555641133103,0.0,0.0,0.0,0.0,0.12315122957573502,0.0,0.0,0.6395032564515133,0.4694981259804605,0.9148555641133103,0.0,0.0,-0.41830492974507616
K_ood_object_count,dense8_hidden,raw,64,7,48,1.0874485404507173,0.09470853860121062,1.0,1.0,0.0,1.0,0.699526291897416,0.0,0.9927400018495066,0.6039234940247491,0.6177126920594292,0.9273728075691374,0.8326642689679268,0.8326642689679268,-0.3991618941580247
K_ood_object_count,dense8_hidden,combined_repair,64,7,10,1.2999431357637703,0.879752065502048,0.0,0.0,0.0,0.0,0.21012127671118813,0.0,0.4201910702617223,0.6039234940247491,0.6177126920594292,0.9273728075691374,0.04762074206708944,0.04762074206708944,-0.3991618941580247
K_ood_object_count,dense8_hidden,random,64,7,60,0.7619170045876628,0.01221010339910708,1.0,1.0,0.0,1.0,0.7651480710622776,0.0,0.7497069011885557,0.6039234940247491,0.6177126920594292,0.9273728075691374,0.9151627041700303,0.9151627041700303,-0.3991618941580247
K_ood_object_count,dense8_hidden,oracle,64,7,40,0.9273728075691374,0.9273728075691374,0.0,0.0,0.0,0.0,0.16827223169168,0.0,0.0,0.6039234940247491,0.6177126920594292,0.9273728075691374,0.0,0.0,-0.3991618941580247
K_ood_object_count,dense6_good,raw,64,8,9,0.7656360919779565,0.23469248130829942,1.0,1.0,0.0,0.0,0.15320319424582496,0.0,0.530943610669657,0.5278214766111011,0.8055124370184402,0.9369441964873807,0.7022517151790812,0.7022517151790812,-0.33959598202760594
K_ood_object_count,dense6_good,combined_repair,64,8,25,1.2344830725885,0.8100599673877021,0.0,0.0,0.0,0.0,0.14996999134421068,0.0,0.42442310520079796,0.5278214766111011,0.8055124370184402,0.9369441964873807,0.12688422909967856,0.12688422909967856,-0.33959598202760594
K_ood_object_count,dense6_good,random,64,8,60,0.5650736191505611,0.8085512602847222,0.0,0.0,0.0,0.0,0.19708940170248862,0.0,-0.24347764113416115,0.5278214766111011,0.8055124370184402,0.9369441964873807,0.12839293620265846,0.12839293620265846,-0.33959598202760594
K_ood_object_count,dense6_good,oracle,64,8,16,0.9369441964873807,0.9369441964873807,0.0,0.0,0.0,0.0,0.1607802299233368,0.0,0.0,0.5278214766111011,0.8055124370184402,0.9369441964873807,0.0,0.0,-0.33959598202760594
K_ood_object_count,dense6_raw,raw,64,8,61,1.3220332527836203,0.0,1.0,1.0,1.0,1.0,0.7679587104591902,1.0,1.3220332527836203,0.7247558416605353,0.43290565314120477,0.8976664725323529,0.8976664725323529,0.8976664725323529,-0.3512769316378152
K_ood_object_count,dense6_raw,combined_repair,64,8,10,1.3161920977106123,0.8976664725323529,0.0,0.0,0.0,0.0,0.20928357637550857,0.0,0.4185256251782594,0.7247558416605353,0.43290565314120477,0.8976664725323529,0.0,0.0,-0.3512769316378152
K_ood_object_count,dense6_raw,random,64,8,60,0.5526263933951592,0.8536764974712573,0.0,0.0,0.0,0.0,0.25741012237205235,0.0,-0.3010501040760981,0.7247558416605353,0.43290565314120477,0.8976664725323529,0.04398997506109559,0.04398997506109559,-0.3512769316378152
K_ood_object_count,dense6_raw,oracle,64,8,10,0.8976664725323529,0.8976664725323529,0.0,0.0,0.0,0.0,0.20928357637550857,0.0,0.0,0.7247558416605353,0.43290565314120477,0.8976664725323529,0.0,0.0,-0.3512769316378152
K_ood_object_count,dense8_occlusion,raw,64,8,57,1.3085280925098086,0.0,1.0,0.0,1.0,1.0,0.6897511235453689,1.0,1.3085280925098086,0.7384359243626032,0.32022372736485205,0.9085068496590382,0.9085068496590382,0.9085068496590382,-0.538391303850715
K_ood_object_count,dense8_occlusion,combined_repair,64,8,30,1.3163059470238114,0.840311500307542,0.0,0.0,0.0,0.0,0.18072443114138506,0.0,0.47599444671626945,0.7384359243626032,0.32022372736485205,0.9085068496590382,0.06819534935149618,0.06819534935149618,-0.538391303850715
K_ood_object_count,dense8_occlusion,random,64,8,60,1.085297568650883,0.0,1.0,1.0,0.0,1.0,0.6864633006898764,1.0,1.085297568650883,0.7384359243626032,0.32022372736485205,0.9085068496590382,0.9085068496590382,0.9085068496590382,-0.538391303850715
K_ood_object_count,dense8_occlusion,oracle,64,8,18,0.9085068496590382,0.9085068496590382,0.0,0.0,0.0,0.0,0.18988179272706443,0.0,0.0,0.7384359243626032,0.32022372736485205,0.9085068496590382,0.0,0.0,-0.538391303850715
K_ood_object_count,dense8_hidden,raw,64,8,1,1.052477645070851,0.0360236163739951,1.0,1.0,0.0,1.0,0.7162779953687938,0.0,1.016454028696856,0.6079867234610982,0.6726854755777867,0.9185010674646313,0.8824774510906362,0.8824774510906362,-0.6385257206897336
K_ood_object_count,dense8_hidden,combined_repair,64,8,53,1.3491700984280581,0.8956915773371559,0.0,0.0,0.0,0.0,0.11195513830626753,0.0,0.45347852109090225,0.6079867234610982,0.6726854755777867,0.9185010674646313,0.022809490127475462,0.022809490127475462,-0.6385257206897336
K_ood_object_count,dense8_hidden,random,64,8,60,0.7834308601985182,0.7466768796312987,0.0,0.0,0.0,1.0,0.7137389072082271,0.0,0.03675398056721946,0.6079867234610982,0.6726854755777867,0.9185010674646313,0.17182418783333264,0.17182418783333264,-0.6385257206897336
K_ood_object_count,dense8_hidden,oracle,64,8,13,0.9185010674646313,0.9185010674646313,0.0,0.0,0.0,0.0,0.14347546806385303,0.0,0.0,0.6079867234610982,0.6726854755777867,0.9185010674646313,0.0,0.0,-0.6385257206897336
K_ood_object_count,dense6_good,raw,64,9,19,0.7281124577931392,0.7488832349407603,0.0,0.0,0.0,0.0,0.2107965820844599,0.0,-0.0207707771476211,0.5082543711844831,0.8323756035784122,0.9268620530886871,0.17797881814792682,0.17797881814792682,-0.45503550996988545
K_ood_object_count,dense6_good,combined_repair,64,9,55,1.2166212845844868,0.8225141006256667,0.0,0.0,0.0,0.0,0.18240280373309206,0.0,0.39410718395882016,0.5082543711844831,0.8323756035784122,0.9268620530886871,0.10434795246302042,0.10434795246302042,-0.45503550996988545
K_ood_object_count,dense6_good,random,64,9,52,0.5986493722806883,0.811896240276352,0.0,0.0,0.0,0.0,0.14924826807915625,0.0,-0.21324686799566372,0.5082543711844831,0.8323756035784122,0.9268620530886871,0.11496581281233509,0.11496581281233509,-0.45503550996988545
K_ood_object_count,dense6_good,oracle,64,9,14,0.9268620530886871,0.9268620530886871,0.0,0.0,0.0,0.0,0.17080155711996303,0.0,0.0,0.5082543711844831,0.8323756035784122,0.9268620530886871,0.0,0.0,-0.45503550996988545
K_ood_object_count,dense6_raw,raw,64,9,0,1.2734348013245607,0.0,1.0,1.0,1.0,1.0,0.7005624643486071,1.0,1.2734348013245607,0.7177773602384946,0.39072848163530005,0.89942477481677,0.89942477481677,0.89942477481677,-0.3838258009328763
K_ood_object_count,dense6_raw,combined_repair,64,9,45,1.3297063709811252,0.89942477481677,0.0,0.0,0.0,0.0,0.1579475843280408,0.0,0.43028159616435524,0.7177773602384946,0.39072848163530005,0.89942477481677,0.0,0.0,-0.3838258009328763
K_ood_object_count,dense6_raw,random,64,9,52,0.7068788869276229,0.0,1.0,1.0,0.0,1.0,0.7562715537404645,1.0,0.7068788869276229,0.7177773602384946,0.39072848163530005,0.89942477481677,0.89942477481677,0.89942477481677,-0.3838258009328763
K_ood_object_count,dense6_raw,oracle,64,9,45,0.89942477481677,0.89942477481677,0.0,0.0,0.0,0.0,0.1579475843280408,0.0,0.0,0.7177773602384946,0.39072848163530005,0.89942477481677,0.0,0.0,-0.3838258009328763
K_ood_object_count,dense8_occlusion,raw,64,9,56,1.3039689336739957,0.0,1.0,1.0,1.0,1.0,0.7475805665153938,1.0,1.3039689336739957,0.6770752326170912,0.4292132907069094,0.9071695145046427,0.9071695145046427,0.9071695145046427,-0.3463424976021298
K_ood_object_count,dense8_occlusion,combined_repair,64,9,10,1.3383624810545356,0.8980062904977908,0.0,0.0,0.0,0.0,0.1338090622194248,0.0,0.4403561905567448,0.6770752326170912,0.4292132907069094,0.9071695145046427,0.009163224006851878,0.009163224006851878,-0.3463424976021298
K_ood_object_count,dense8_occlusion,random,64,9,52,0.8955033047917978,0.1482883610301053,1.0,1.0,0.0,0.0,0.16927302101097025,1.0,0.7472149437616926,0.6770752326170912,0.4292132907069094,0.9071695145046427,0.7588811534745374,0.7588811534745374,-0.3463424976021298
K_ood_object_count,dense8_occlusion,oracle,64,9,35,0.9071695145046427,0.9071695145046427,0.0,0.0,0.0,0.0,0.17635695291491404,0.0,0.0,0.6770752326170912,0.4292132907069094,0.9071695145046427,0.0,0.0,-0.3463424976021298
K_ood_object_count,dense8_hidden,raw,64,9,27,1.0927053145163454,0.0,1.0,1.0,1.0,0.0,0.18001465684592,0.0,1.0927053145163454,0.5928671996950109,0.6879762642825107,0.9264258009244025,0.9264258009244025,0.9264258009244025,-0.855716305052014
K_ood_object_count,dense8_hidden,combined_repair,64,9,41,1.3377688107358812,0.868834023406642,0.0,0.0,0.0,0.0,0.1592823732563593,0.0,0.4689347873292392,0.5928671996950109,0.6879762642825107,0.9264258009244025,0.05759177751776057,0.05759177751776057,-0.855716305052014
K_ood_object_count,dense8_hidden,random,64,9,52,0.6547785107487075,0.6141285666785904,0.0,0.0,0.0,1.0,0.767065535632286,0.0,0.04064994407011713,0.5928671996950109,0.6879762642825107,0.9264258009244025,0.3122972342458121,0.3122972342458121,-0.855716305052014
K_ood_object_count,dense8_hidden,oracle,64,9,60,0.9264258009244025,0.9264258009244025,0.0,0.0,0.0,0.0,0.14640505175884763,0.0,0.0,0.5928671996950109,0.6879762642825107,0.9264258009244025,0.0,0.0,-0.855716305052014
K_ood_object_count,dense6_good,raw,64,10,6,0.749061467879186,0.6303146702469282,0.0,0.0,0.0,1.0,0.7180177786339108,0.0,0.11874679763225782,0.5144428722564875,0.8161446911882397,0.9297725385148461,0.29945786826791787,0.29945786826791787,-0.509156464542678
K_ood_object_count,dense6_good,combined_repair,64,10,41,1.201388459319521,0.8767552290556141,0.0,0.0,0.0,0.0,0.1363925096178142,0.0,0.3246332302639069,0.5144428722564875,0.8161446911882397,0.9297725385148461,0.053017309459232,0.053017309459232,-0.509156464542678
K_ood_object_count,dense6_good,random,64,10,12,0.49648412503475003,0.8741751534921738,0.0,0.0,0.0,0.0,0.1691232580240191,0.0,-0.37769102845742375,0.5144428722564875,0.8161446911882397,0.9297725385148461,0.05559738502267231,0.05559738502267231,-0.509156464542678
K_ood_object_count,dense6_good,oracle,64,10,20,0.9297725385148461,0.9297725385148461,0.0,0.0,0.0,0.0,0.21553692643774888,0.0,0.0,0.5144428722564875,0.8161446911882397,0.9297725385148461,0.0,0.0,-0.509156464542678
K_ood_object_count,dense6_raw,raw,64,10,34,1.35,0.0,1.0,0.0,1.0,1.0,0.7081645165785254,1.0,1.35,0.7094758593335091,0.4638569644344385,0.9023383316163518,0.9023383316163518,0.9023383316163518,-0.38070536717125775
K_ood_object_count,dense6_raw,combined_repair,64,10,15,1.3027462588612537,0.8429852574728025,0.0,0.0,0.0,0.0,0.14594767571907083,0.0,0.4597610013884512,0.7094758593335091,0.4638569644344385,0.9023383316163518,0.05935307414354929,0.05935307414354929,-0.38070536717125775
K_ood_object_count,dense6_raw,random,64,10,12,0.5651994468227944,0.5021427597448638,0.0,0.0,0.0,1.0,0.6764318826212531,0.0,0.06305668707793066,0.7094758593335091,0.4638569644344385,0.9023383316163518,0.400195571871488,0.400195571871488,-0.38070536717125775
K_ood_object_count,dense6_raw,oracle,64,10,21,0.9023383316163518,0.9023383316163518,0.0,0.0,0.0,0.0,0.22743030086427699,0.0,0.0,0.7094758593335091,0.4638569644344385,0.9023383316163518,0.0,0.0,-0.38070536717125775
K_ood_object_count,dense8_occlusion,raw,64,10,55,1.0541808447605232,0.2415859921232903,0.0,0.0,1.0,1.0,0.7198022508810974,0.0,0.8125948526372329,0.703538125631151,0.38648138828393624,0.9219279496276205,0.6803419575043301,0.6803419575043301,-0.08885879941459994
K_ood_object_count,dense8_occlusion,combined_repair,64,10,38,1.32264547890093,0.894681587936446,0.0,0.0,0.0,0.0,0.1729213453694592,0.0,0.42796389096448406,0.703538125631151,0.38648138828393624,0.9219279496276205,0.027246361691174448,0.027246361691174448,-0.08885879941459994
K_ood_object_count,dense8_occlusion,random,64,10,12,0.5082010697754796,0.8144404068901236,0.0,0.0,0.0,1.0,0.7200329024560319,0.0,-0.306239337114644,0.703538125631151,0.38648138828393624,0.9219279496276205,0.10748754273749683,0.10748754273749683,-0.08885879941459994
K_ood_object_count,dense8_occlusion,oracle,64,10,56,0.9219279496276205,0.9219279496276205,0.0,0.0,0.0,0.0,0.22272755246292533,0.0,0.0,0.703538125631151,0.38648138828393624,0.9219279496276205,0.0,0.0,-0.08885879941459994
K_ood_object_count,dense8_hidden,raw,64,10,3,1.2779880228461038,0.0,1.0,1.0,1.0,1.0,0.7178212094942484,0.0,1.2779880228461038,0.586686688880846,0.6975616654726127,0.8999851260624554,0.8999851260624554,0.8999851260624554,-0.677753506552826
K_ood_object_count,dense8_hidden,combined_repair,64,10,63,1.3394440209447456,0.8952320728632048,0.0,0.0,0.0,0.0,0.2020266613709382,0.0,0.44421194808154074,0.586686688880846,0.6975616654726127,0.8999851260624554,0.004753053199250568,0.004753053199250568,-0.677753506552826
K_ood_object_count,dense8_hidden,random,64,10,12,0.5930767856142718,0.809330202152937,0.0,0.0,0.0,0.0,0.2019431220302788,0.0,-0.21625341653866526,0.586686688880846,0.6975616654726127,0.8999851260624554,0.09065492390951835,0.09065492390951835,-0.677753506552826
K_ood_object_count,dense8_hidden,oracle,64,10,61,0.8999851260624554,0.8999851260624554,0.0,0.0,0.0,0.0,0.22618303980559135,0.0,0.0,0.586686688880846,0.6975616654726127,0.8999851260624554,0.0,0.0,-0.677753506552826
K_ood_object_count,dense6_good,raw,64,11,49,0.7809118554740269,0.8115916939542663,0.0,0.0,0.0,0.0,0.16597163469189669,0.0,-0.030679838480239474,0.5016459270163809,0.8191220799873208,0.9298638892609309,0.11827219530666455,0.11827219530666455,-0.3321843335020073
K_ood_object_count,dense6_good,combined_repair,64,11,2,1.1808311656518125,0.8703971956342148,0.0,0.0,0.0,0.0,0.15876011961419748,0.0,0.31043397001759765,0.5016459270163809,0.8191220799873208,0.9298638892609309,0.05946669362671608,0.05946669362671608,-0.3321843335020073
K_ood_object_count,dense6_good,random,64,11,42,0.5809819654647392,0.867744023528515,0.0,0.0,0.0,0.0,0.11702299203298475,0.0,-0.28676205806377575,0.5016459270163809,0.8191220799873208,0.9298638892609309,0.0621198657324159,0.0621198657324159,-0.3321843335020073
K_ood_object_count,dense6_good,oracle,64,11,12,0.9298638892609309,0.9298638892609309,0.0,0.0,0.0,0.0,0.19770998314336866,0.0,0.0,0.5016459270163809,0.8191220799873208,0.9298638892609309,0.0,0.0,-0.3321843335020073
K_ood_object_count,dense6_raw,raw,64,11,42,1.35,0.0,1.0,1.0,1.0,1.0,0.7888408210842373,1.0,1.35,0.7944615892066594,0.3721844540950168,0.9227132233744161,0.9227132233744161,0.9227132233744161,-0.5070779118640287
K_ood_object_count,dense6_raw,combined_repair,64,11,48,1.3415404842974101,0.8480319097407955,0.0,0.0,0.0,0.0,0.15133860461655618,0.0,0.4935085745566147,0.7944615892066594,0.3721844540950168,0.9227132233744161,0.07468131363362063,0.07468131363362063,-0.5070779118640287
K_ood_object_count,dense6_raw,random,64,11,42,1.35,0.0,1.0,1.0,1.0,1.0,0.7888408210842373,1.0,1.35,0.7944615892066594,0.3721844540950168,0.9227132233744161,0.9227132233744161,0.9227132233744161,-0.5070779118640287
K_ood_object_count,dense6_raw,oracle,64,11,11,0.9227132233744161,0.9227132233744161,0.0,0.0,0.0,0.0,0.23130261077474965,0.0,0.0,0.7944615892066594,0.3721844540950168,0.9227132233744161,0.0,0.0,-0.5070779118640287
K_ood_object_count,dense8_occlusion,raw,64,11,52,1.2092455042011463,0.0,1.0,1.0,1.0,1.0,0.7010947186583791,1.0,1.2092455042011463,0.7222522287597516,0.41239922616502,0.9299880773628398,0.9299880773628398,0.9299880773628398,-0.6652844497071176
K_ood_object_count,dense8_occlusion,combined_repair,64,11,11,1.3211947971093756,0.8749703958783814,0.0,0.0,0.0,0.0,0.1667528951726477,0.0,0.44622440123099416,0.7222522287597516,0.41239922616502,0.9299880773628398,0.0550176814844584,0.0550176814844584,-0.6652844497071176
K_ood_object_count,dense8_occlusion,random,64,11,42,1.0847349637417365,0.0,1.0,1.0,1.0,0.0,0.22562798593996958,1.0,1.0847349637417365,0.7222522287597516,0.41239922616502,0.9299880773628398,0.9299880773628398,0.9299880773628398,-0.6652844497071176
K_ood_object_count,dense8_occlusion,oracle,64,11,6,0.9299880773628398,0.9299880773628398,0.0,0.0,0.0,0.0,0.24352336410714276,0.0,0.0,0.7222522287597516,0.41239922616502,0.9299880773628398,0.0,0.0,-0.6652844497071176
K_ood_object_count,dense8_hidden,raw,64,11,32,1.2436407083926602,0.0,1.0,1.0,1.0,1.0,0.7220468844179068,0.0,1.2436407083926602,0.6337589871763945,0.6726675100627747,0.9169418139058715,0.9169418139058715,0.9169418139058715,-0.6171054524791572
K_ood_object_count,dense8_hidden,combined_repair,64,11,1,1.3574111943202032,0.8630733246375285,0.0,0.0,0.0,0.0,0.15194621883043913,0.0,0.4943378696826747,0.6337589871763945,0.6726675100627747,0.9169418139058715,0.05386848926834298,0.05386848926834298,-0.6171054524791572
K_ood_object_count,dense8_hidden,random,64,11,42,0.6581374144260044,0.5979012636273606,0.0,0.0,0.0,1.0,0.7123797519384277,0.0,0.06023615079864375,0.6337589871763945,0.6726675100627747,0.9169418139058715,0.31904055027851086,0.31904055027851086,-0.6171054524791572
K_ood_object_count,dense8_hidden,oracle,64,11,22,0.9169418139058715,0.9169418139058715,0.0,0.0,0.0,0.0,0.1679148870515454,0.0,0.0,0.6337589871763945,0.6726675100627747,0.9169418139058715,0.0,0.0,-0.6171054524791572
K_ood_object_count,dense6_good,raw,64,12,2,0.7408500913622496,0.7975369869260653,0.0,0.0,0.0,0.0,0.14093305656105734,0.0,-0.05668689556381579,0.5038705678371911,0.796735531776301,0.9328061884867421,0.1352692015606768,0.1352692015606768,0.34747751267127897
K_ood_object_count,dense6_good,combined_repair,64,12,40,1.2156550110349877,0.7814701782823433,0.0,0.0,0.0,0.0,0.15455088752588342,0.0,0.4341848327526444,0.5038705678371911,0.796735531776301,0.9328061884867421,0.1513360102043988,0.1513360102043988,0.34747751267127897
K_ood_object_count,dense6_good,random,64,12,36,0.4648313308025346,0.9275260506477442,0.0,0.0,0.0,0.0,0.1589004777860533,0.0,-0.4626947198452096,0.5038705678371911,0.796735531776301,0.9328061884867421,0.005280137838997945,0.005280137838997945,0.34747751267127897
K_ood_object_count,dense6_good,oracle,64,12,61,0.9328061884867421,0.9328061884867421,0.0,0.0,0.0,0.0,0.1934747463498675,0.0,0.0,0.5038705678371911,0.796735531776301,0.9328061884867421,0.0,0.0,0.34747751267127897
K_ood_object_count,dense6_raw,raw,64,12,41,1.35,0.0,1.0,1.0,1.0,1.0,0.754683441431463,1.0,1.35,0.7805060882660766,0.3061137991475162,0.9320903583377765,0.9320903583377765,0.9320903583377765,-0.570498637447635
K_ood_object_count,dense6_raw,combined_repair,64,12,23,1.3017833797853293,0.8793652503761908,0.0,0.0,0.0,0.0,0.22245734191108463,0.0,0.4224181294091385,0.7805060882660766,0.3061137991475162,0.9320903583377765,0.05272510796158569,0.05272510796158569,-0.570498637447635
K_ood_object_count,dense6_raw,random,64,12,36,0.2734401426668408,0.730354306778823,0.0,0.0,0.0,0.0,0.1143758659119623,0.0,-0.45691416411198216,0.7805060882660766,0.3061137991475162,0.9320903583377765,0.20173605155895358,0.20173605155895358,-0.570498637447635
K_ood_object_count,dense6_raw,oracle,64,12,31,0.9320903583377765,0.9320903583377765,0.0,0.0,0.0,0.0,0.1925930157916788,0.0,0.0,0.7805060882660766,0.3061137991475162,0.9320903583377765,0.0,0.0,-0.570498637447635
K_ood_object_count,dense8_occlusion,raw,64,12,10,1.0896063241499356,0.0,1.0,0.0,0.0,1.0,0.7813068269542244,1.0,1.0896063241499356,0.6887911622546985,0.42288383472782737,0.904383907739861,0.904383907739861,0.904383907739861,-0.6409842648145616
K_ood_object_count,dense8_occlusion,combined_repair,64,12,60,1.3662478193341163,0.904383907739861,0.0,0.0,0.0,0.0,0.143684366170377,0.0,0.4618639115942553,0.6887911622546985,0.42288383472782737,0.904383907739861,0.0,0.0,-0.6409842648145616
K_ood_object_count,dense8_occlusion,random,64,12,36,0.7564695603062174,0.5312607580591284,0.0,0.0,1.0,0.0,0.17672812662044868,0.0,0.22520880224708895,0.6887911622546985,0.42288383472782737,0.904383907739861,0.37312314968073257,0.37312314968073257,-0.6409842648145616
K_ood_object_count,dense8_occlusion,oracle,64,12,60,0.904383907739861,0.904383907739861,0.0,0.0,0.0,0.0,0.143684366170377,0.0,0.0,0.6887911622546985,0.42288383472782737,0.904383907739861,0.0,0.0,-0.6409842648145616
K_ood_object_count,dense8_hidden,raw,64,12,63,1.173860230934201,0.0,1.0,1.0,1.0,1.0,0.7585901421109614,0.0,1.173860230934201,0.6286295107030024,0.6172330680318527,0.9083935824118563,0.9083935824118563,0.9083935824118563,-0.6614944237544844
K_ood_object_count,dense8_hidden,combined_repair,64,12,17,1.3122466896589131,0.9035800146447824,0.0,0.0,0.0,0.0,0.20600020895149074,0.0,0.4086666750141307,0.6286295107030024,0.6172330680318527,0.9083935824118563,0.0048135677670738675,0.0048135677670738675,-0.6614944237544844
K_ood_object_count,dense8_hidden,random,64,12,36,0.5844795570508757,0.8678722126589574,0.0,0.0,0.0,0.0,0.15170257284357547,0.0,-0.2833926556080817,0.6286295107030024,0.6172330680318527,0.9083935824118563,0.040521369752898884,0.040521369752898884,-0.6614944237544844
K_ood_object_count,dense8_hidden,oracle,64,12,22,0.9083935824118563,0.9083935824118563,0.0,0.0,0.0,0.0,0.17119747670005103,0.0,0.0,0.6286295107030024,0.6172330680318527,0.9083935824118563,0.0,0.0,-0.6614944237544844
K_ood_object_count,dense6_good,raw,64,13,47,0.8149254190847266,0.8082161952986442,0.0,0.0,0.0,0.0,0.14055498265957667,0.0,0.006709223786082408,0.5274577272558032,0.817765299897841,0.9262849985752081,0.11806880327656388,0.11806880327656388,-0.2886694052862107
K_ood_object_count,dense6_good,combined_repair,64,13,60,1.2056844341062993,0.8484790321359381,0.0,0.0,0.0,0.0,0.13191384738314693,0.0,0.3572054019703612,0.5274577272558032,0.817765299897841,0.9262849985752081,0.07780596643926996,0.07780596643926996,-0.2886694052862107
K_ood_object_count,dense6_good,random,64,13,3,0.3236851941336886,0.8337639569389336,0.0,0.0,0.0,0.0,0.1836001323879803,0.0,-0.510078762805245,0.5274577272558032,0.817765299897841,0.9262849985752081,0.0925210416362745,0.0925210416362745,-0.2886694052862107
K_ood_object_count,dense6_good,oracle,64,13,16,0.9262849985752081,0.9262849985752081,0.0,0.0,0.0,0.0,0.20219611284604286,0.0,0.0,0.5274577272558032,0.817765299897841,0.9262849985752081,0.0,0.0,-0.2886694052862107
K_ood_object_count,dense6_raw,raw,64,13,47,1.2401202964619387,0.0,1.0,0.0,1.0,1.0,0.7373659963196462,1.0,1.2401202964619387,0.75963044518033,0.40320472662415896,0.9366322672954338,0.9366322672954338,0.9366322672954338,-0.34537658361696666
K_ood_object_count,dense6_raw,combined_repair,64,13,23,1.3352933367270543,0.9366322672954338,0.0,0.0,0.0,0.0,0.19583933192566635,0.0,0.3986610694316205,0.75963044518033,0.40320472662415896,0.9366322672954338,0.0,0.0,-0.34537658361696666
K_ood_object_count,dense6_raw,random,64,13,3,0.6879067660347828,0.6474052721094554,0.0,0.0,0.0,1.0,0.7177384818930881,0.0,0.040501493925327425,0.75963044518033,0.40320472662415896,0.9366322672954338,0.2892269951859784,0.2892269951859784,-0.34537658361696666
K_ood_object_count,dense6_raw,oracle,64,13,23,0.9366322672954338,0.9366322672954338,0.0,0.0,0.0,0.0,0.19583933192566635,0.0,0.0,0.75963044518033,0.40320472662415896,0.9366322672954338,0.0,0.0,-0.34537658361696666
K_ood_object_count,dense8_occlusion,raw,64,13,6,1.1133852331744942,0.0,1.0,1.0,1.0,0.0,0.16775284930732323,1.0,1.1133852331744942,0.7092937163647386,0.37528130787789904,0.8973497665463497,0.8973497665463497,0.8973497665463497,-0.22577863233044007
K_ood_object_count,dense8_occlusion,combined_repair,64,13,49,1.3181697107041432,0.8569722259127,0.0,0.0,0.0,0.0,0.18097606037010533,0.0,0.4611974847914433,0.7092937163647386,0.37528130787789904,0.8973497665463497,0.04037754063364973,0.04037754063364973,-0.22577863233044007
K_ood_object_count,dense8_occlusion,random,64,13,3,0.6042078713805535,0.04818210901147915,1.0,1.0,0.0,0.0,0.20771353598928238,1.0,0.5560257623690744,0.7092937163647386,0.37528130787789904,0.8973497665463497,0.8491676575348706,0.8491676575348706,-0.22577863233044007
K_ood_object_count,dense8_occlusion,oracle,64,13,50,0.8973497665463497,0.8973497665463497,0.0,0.0,0.0,0.0,0.18514161251301517,0.0,0.0,0.7092937163647386,0.37528130787789904,0.8973497665463497,0.0,0.0,-0.22577863233044007
K_ood_object_count,dense8_hidden,raw,64,13,32,0.9340302894131303,0.07671362613235311,1.0,1.0,0.0,1.0,0.7513630318541742,0.0,0.8573166632807772,0.5648405664215452,0.6934867946298254,0.9168526601360127,0.8401390340036596,0.8401390340036596,-0.2863535418147185
K_ood_object_count,dense8_hidden,combined_repair,64,13,14,1.3525345417816867,0.8604638117585292,0.0,0.0,0.0,0.0,0.13417281534001887,0.0,0.4920707300231576,0.5648405664215452,0.6934867946298254,0.9168526601360127,0.05638884837748359,0.05638884837748359,-0.2863535418147185
K_ood_object_count,dense8_hidden,random,64,13,3,0.38549909087496953,0.535086277807665,0.0,0.0,0.0,1.0,0.6763280346822319,0.0,-0.14958718693269552,0.5648405664215452,0.6934867946298254,0.9168526601360127,0.3817663823283477,0.3817663823283477,-0.2863535418147185
K_ood_object_count,dense8_hidden,oracle,64,13,26,0.9168526601360127,0.9168526601360127,0.0,0.0,0.0,0.0,0.14151687090714907,0.0,0.0,0.5648405664215452,0.6934867946298254,0.9168526601360127,0.0,0.0,-0.2863535418147185
K_ood_object_count,dense6_good,raw,64,14,47,0.7702665632696506,0.8009147493701398,0.0,0.0,0.0,0.0,0.20724914809511125,0.0,-0.03064818610048925,0.49642715921736513,0.8484417667162617,0.9280933047966139,0.12717855542647405,0.12717855542647405,-0.6397334163387718
K_ood_object_count,dense6_good,combined_repair,64,14,22,1.2341463809995452,0.7730772425807543,0.0,0.0,0.0,0.0,0.13358875544375484,0.0,0.46106913841879094,0.49642715921736513,0.8484417667162617,0.9280933047966139,0.15501606221585962,0.15501606221585962,-0.6397334163387718
K_ood_object_count,dense6_good,random,64,14,46,0.5482424589769197,0.49598860134829065,0.0,0.0,1.0,0.0,0.10921983067825568,0.0,0.05225385762862905,0.49642715921736513,0.8484417667162617,0.9280933047966139,0.43210470344832325,0.43210470344832325,-0.6397334163387718
K_ood_object_count,dense6_good,oracle,64,14,8,0.9280933047966139,0.9280933047966139,0.0,0.0,0.0,0.0,0.14552304708138208,0.0,0.0,0.49642715921736513,0.8484417667162617,0.9280933047966139,0.0,0.0,-0.6397334163387718
K_ood_object_count,dense6_raw,raw,64,14,10,1.2619521876422224,0.0,1.0,0.0,1.0,0.0,0.17767340648812477,1.0,1.2619521876422224,0.7755003098630748,0.3048005450999435,0.8666089218739085,0.8666089218739085,0.8666089218739085,-0.14397863457584387
K_ood_object_count,dense6_raw,combined_repair,64,14,45,1.3190968663444786,0.8666089218739085,0.0,0.0,0.0,0.0,0.20437648096185956,0.0,0.45248794447057017,0.7755003098630748,0.3048005450999435,0.8666089218739085,0.0,0.0,-0.14397863457584387
K_ood_object_count,dense6_raw,random,64,14,46,0.556011299038675,0.47535775386970613,0.0,0.0,0.0,1.0,0.77086325107855,0.0,0.08065354516896883,0.7755003098630748,0.3048005450999435,0.8666089218739085,0.39125116800420234,0.39125116800420234,-0.14397863457584387
K_ood_object_count,dense6_raw,oracle,64,14,45,0.8666089218739085,0.8666089218739085,0.0,0.0,0.0,0.0,0.20437648096185956,0.0,0.0,0.7755003098630748,0.3048005450999435,0.8666089218739085,0.0,0.0,-0.14397863457584387
K_ood_object_count,dense8_occlusion,raw,64,14,25,1.1147453786232455,0.0,1.0,0.0,1.0,0.0,0.16597229085367263,1.0,1.1147453786232455,0.6743157988090128,0.48904295003009546,0.9342361526848869,0.9342361526848869,0.9342361526848869,-0.5303304622449102
K_ood_object_count,dense8_occlusion,combined_repair,64,14,56,1.307490660318355,0.8257237259095092,0.0,0.0,0.0,0.0,0.10696264149532979,0.0,0.48176693440884577,0.6743157988090128,0.48904295003009546,0.9342361526848869,0.10851242677537776,0.10851242677537776,-0.5303304622449102
K_ood_object_count,dense8_occlusion,random,64,14,46,0.3170237652457991,0.739733524970565,0.0,0.0,0.0,0.0,0.16063394892249294,0.0,-0.4227097597247659,0.6743157988090128,0.48904295003009546,0.9342361526848869,0.19450262771432192,0.19450262771432192,-0.5303304622449102
K_ood_object_count,dense8_occlusion,oracle,64,14,50,0.9342361526848869,0.9342361526848869,0.0,0.0,0.0,0.0,0.1937541188410451,0.0,0.0,0.6743157988090128,0.48904295003009546,0.9342361526848869,0.0,0.0,-0.5303304622449102
K_ood_object_count,dense8_hidden,raw,64,14,61,1.0949472281129684,0.20239957953304302,1.0,1.0,0.0,1.0,0.7339583858014969,0.0,0.8925476485799254,0.5766015629260064,0.6360762572215184,0.91315814177566,0.710758562242617,0.710758562242617,-0.46592463832375075
K_ood_object_count,dense8_hidden,combined_repair,64,14,56,1.3363244960632918,0.91315814177566,0.0,0.0,0.0,0.0,0.12439502551086137,0.0,0.42316635428763183,0.5766015629260064,0.6360762572215184,0.91315814177566,0.0,0.0,-0.46592463832375075
K_ood_object_count,dense8_hidden,random,64,14,46,0.6760307152717289,0.7041623216442161,0.0,0.0,0.0,1.0,0.6929595544981777,0.0,-0.02813160637248724,0.5766015629260064,0.6360762572215184,0.91315814177566,0.2089958201314439,0.2089958201314439,-0.46592463832375075
K_ood_object_count,dense8_hidden,oracle,64,14,56,0.91315814177566,0.91315814177566,0.0,0.0,0.0,0.0,0.12439502551086137,0.0,0.0,0.5766015629260064,0.6360762572215184,0.91315814177566,0.0,0.0,-0.46592463832375075
K_ood_object_count,dense6_good,raw,64,15,25,0.729071804324739,0.8427935841815077,0.0,0.0,0.0,0.0,0.22319989553578232,0.0,-0.11372177985676879,0.5468754382290478,0.8342479644794587,0.9205856734171399,0.07779208923563219,0.07779208923563219,0.03260311006717214
K_ood_object_count,dense6_good,combined_repair,64,15,49,1.2139639908722144,0.8543149697549367,0.0,0.0,0.0,0.0,0.16200997986557159,0.0,0.3596490211172777,0.5468754382290478,0.8342479644794587,0.9205856734171399,0.06627070366220322,0.06627070366220322,0.03260311006717214
K_ood_object_count,dense6_good,random,64,15,6,0.40642319692963713,0.9021752865640583,0.0,0.0,0.0,0.0,0.13352301870585032,0.0,-0.4957520896344212,0.5468754382290478,0.8342479644794587,0.9205856734171399,0.018410386853081606,0.018410386853081606,0.03260311006717214
K_ood_object_count,dense6_good,oracle,64,15,42,0.9205856734171399,0.9205856734171399,0.0,0.0,0.0,0.0,0.16975461209586837,0.0,0.0,0.5468754382290478,0.8342479644794587,0.9205856734171399,0.0,0.0,0.03260311006717214
K_ood_object_count,dense6_raw,raw,64,15,5,1.2240225189298026,0.0,1.0,1.0,1.0,1.0,0.7312616831973298,1.0,1.2240225189298026,0.7308430416977763,0.46107458885680713,0.9091615082151194,0.9091615082151194,0.9091615082151194,-0.4317131542726769
K_ood_object_count,dense6_raw,combined_repair,64,15,8,1.3359460590891727,0.8817994438603746,0.0,0.0,0.0,0.0,0.13728018752333868,0.0,0.4541466152287982,0.7308430416977763,0.46107458885680713,0.9091615082151194,0.027362064354744864,0.027362064354744864,-0.4317131542726769
K_ood_object_count,dense6_raw,random,64,15,6,0.9081251717134758,0.0,1.0,1.0,0.0,1.0,0.7198221639216399,1.0,0.9081251717134758,0.7308430416977763,0.46107458885680713,0.9091615082151194,0.9091615082151194,0.9091615082151194,-0.4317131542726769
K_ood_object_count,dense6_raw,oracle,64,15,29,0.9091615082151194,0.9091615082151194,0.0,0.0,0.0,0.0,0.17385068204329754,0.0,0.0,0.7308430416977763,0.46107458885680713,0.9091615082151194,0.0,0.0,-0.4317131542726769
K_ood_object_count,dense8_occlusion,raw,64,15,36,1.0697631197135258,0.07172104305305418,1.0,1.0,0.0,1.0,0.7478409572788265,1.0,0.9980420766604716,0.714524416148391,0.41615025931799143,0.9273157134603991,0.8555946704073449,0.8555946704073449,-0.4153883195712988
K_ood_object_count,dense8_occlusion,combined_repair,64,15,53,1.3254305486325217,0.7708029448891003,0.0,0.0,0.0,0.0,0.06597462454618591,0.0,0.5546276037434215,0.714524416148391,0.41615025931799143,0.9273157134603991,0.1565127685712988,0.1565127685712988,-0.4153883195712988
K_ood_object_count,dense8_occlusion,random,64,15,6,0.7245986508686623,0.12899787073486169,1.0,1.0,0.0,0.0,0.17065209453074795,1.0,0.5956007801338006,0.714524416148391,0.41615025931799143,0.9273157134603991,0.7983178427255374,0.7983178427255374,-0.4153883195712988
K_ood_object_count,dense8_occlusion,oracle,64,15,44,0.9273157134603991,0.9273157134603991,0.0,0.0,0.0,0.0,0.19109880479703634,0.0,0.0,0.714524416148391,0.41615025931799143,0.9273157134603991,0.0,0.0,-0.4153883195712988
K_ood_object_count,dense8_hidden,raw,64,15,16,1.1034048486132328,0.10832672571949384,1.0,1.0,0.0,1.0,0.7696459903831676,0.0,0.995078122893739,0.6404424539715764,0.6306818305986113,0.9078902827816083,0.7995635570621145,0.7995635570621145,-0.6284767621820864
K_ood_object_count,dense8_hidden,combined_repair,64,15,46,1.329751227652742,0.8485787842450687,0.0,0.0,0.0,0.0,0.12586379994181834,0.0,0.4811724434076732,0.6404424539715764,0.6306818305986113,0.9078902827816083,0.05931149853653961,0.05931149853653961,-0.6284767621820864
K_ood_object_count,dense8_hidden,random,64,15,6,0.5663656561131022,0.862852664626817,0.0,0.0,0.0,0.0,0.17791429641105283,0.0,-0.2964870085137148,0.6404424539715764,0.6306818305986113,0.9078902827816083,0.04503761815479135,0.04503761815479135,-0.6284767621820864
K_ood_object_count,dense8_hidden,oracle,64,15,36,0.9078902827816083,0.9078902827816083,0.0,0.0,0.0,0.0,0.10574291593095458,0.0,0.0,0.6404424539715764,0.6306818305986113,0.9078902827816083,0.0,0.0,-0.6284767621820864
