experiment,scenario,N,selector,baseline,n_pairs,mean_gain,gain_ci_low,gain_ci_high,wins,losses,ties,win_rate,sign_test_p,paired_effect_size
A_controlled_object_binding,good,1,combined_repair,raw,16,0.0,0.0,0.0,0,0,16,0.0,1.0,0.0
A_controlled_object_binding,good,2,combined_repair,raw,16,0.014748289514485327,-0.0023655095455556614,0.03186208857452631,4,1,11,0.25,0.375,0.42227104786869585
A_controlled_object_binding,good,4,combined_repair,raw,16,0.21510079046980274,0.05991558177031445,0.37028599916929106,9,1,6,0.5625,0.021484375,0.6791844932483626
A_controlled_object_binding,good,8,combined_repair,raw,16,0.07594361607061562,-0.042444639312766416,0.19433187145399766,4,4,8,0.25,1.0,0.31432486063837284
A_controlled_object_binding,good,16,combined_repair,raw,16,0.11735203714574453,0.012663778145596424,0.22204029614589266,8,4,4,0.5,0.3876953125,0.549273612443335
A_controlled_object_binding,good,32,combined_repair,raw,16,0.05640555674668894,0.00739721628112093,0.10541389721225695,9,3,4,0.5625,0.14599609375,0.5639595738871392
A_controlled_object_binding,good,64,combined_repair,raw,16,0.14242324249539118,0.006714330535741275,0.2781321544550411,7,4,5,0.4375,0.548828125,0.5142432270291243
A_controlled_object_binding,hidden_property,1,combined_repair,raw,16,0.0,0.0,0.0,0,0,16,0.0,1.0,0.0
A_controlled_object_binding,hidden_property,2,combined_repair,raw,16,0.1539134016627992,0.04386622570948853,0.2639605776161099,6,1,9,0.375,0.125,0.6853203288630392
A_controlled_object_binding,hidden_property,4,combined_repair,raw,16,0.3781600160781935,0.23688034140211664,0.5194396907542703,14,0,2,0.875,0.0001220703125,1.311571592326803
A_controlled_object_binding,hidden_property,8,combined_repair,raw,16,0.47405968887408717,0.31693858374330164,0.6311807940048727,14,1,1,0.875,0.0009765625,1.4784089467481039
A_controlled_object_binding,hidden_property,16,combined_repair,raw,16,0.5426209083623542,0.41118349572713575,0.6740583209975727,16,0,0,1.0,3.0517578125e-05,2.0228962193243163
A_controlled_object_binding,hidden_property,32,combined_repair,raw,16,0.7656112309540147,0.6957527092953806,0.8354697526126489,16,0,0,1.0,3.0517578125e-05,5.370132293961884
A_controlled_object_binding,hidden_property,64,combined_repair,raw,16,0.754632252140705,0.6944945195257294,0.8147699847556805,16,0,0,1.0,3.0517578125e-05,6.148715414935101
A_controlled_object_binding,merge_split,1,combined_repair,raw,16,0.0,0.0,0.0,0,0,16,0.0,1.0,0.0
A_controlled_object_binding,merge_split,2,combined_repair,raw,16,0.23678919736928153,0.11588055383964237,0.3576978408989207,11,0,5,0.6875,0.0009765625,0.9596229295427132
A_controlled_object_binding,merge_split,4,combined_repair,raw,16,0.48439706879973043,0.32559447426818117,0.6431996633312798,14,1,1,0.875,0.0009765625,1.4946516737465063
A_controlled_object_binding,merge_split,8,combined_repair,raw,16,0.6634450949226134,0.5759071315770654,0.7509830582681614,16,0,0,1.0,3.0517578125e-05,3.7136812885265056
A_controlled_object_binding,merge_split,16,combined_repair,raw,16,0.7217187819846604,0.644712659542394,0.7987249044269269,16,0,0,1.0,3.0517578125e-05,4.592390734095443
A_controlled_object_binding,merge_split,32,combined_repair,raw,16,0.73992807390498,0.6454840009297985,0.8343721468801616,16,0,0,1.0,3.0517578125e-05,3.8389360474607717
A_controlled_object_binding,merge_split,64,combined_repair,raw,16,0.8106334269596596,0.7624756587692881,0.858791195150031,16,0,0,1.0,3.0517578125e-05,8.248106050928886
A_controlled_object_binding,occlusion,1,combined_repair,raw,16,0.0,0.0,0.0,0,0,16,0.0,1.0,0.0
A_controlled_object_binding,occlusion,2,combined_repair,raw,16,0.3948345682199994,0.2250424184296009,0.5646267180103979,13,0,3,0.8125,0.000244140625,1.1394457203506123
A_controlled_object_binding,occlusion,4,combined_repair,raw,16,0.45036373732244095,0.2510341760729482,0.6496932985719337,13,1,2,0.8125,0.0018310546875,1.1071023781153166
A_controlled_object_binding,occlusion,8,combined_repair,raw,16,0.8437086797196498,0.7985312920612653,0.8888860673780343,16,0,0,1.0,3.0517578125e-05,9.150977391361003
A_controlled_object_binding,occlusion,16,combined_repair,raw,16,0.8226616019195709,0.7974365307606781,0.8478866730784638,16,0,0,1.0,3.0517578125e-05,15.98029921903629
A_controlled_object_binding,occlusion,32,combined_repair,raw,16,0.8359404558776633,0.8115159619848137,0.8603649497705129,16,0,0,1.0,3.0517578125e-05,16.77049379925826
A_controlled_object_binding,occlusion,64,combined_repair,raw,16,0.8199680079294374,0.78608217661979,0.8538538392390848,16,0,0,1.0,3.0517578125e-05,11.857000650623997
A_controlled_object_binding,raw,1,combined_repair,raw,16,0.0,0.0,0.0,0,0,16,0.0,1.0,0.0
A_controlled_object_binding,raw,2,combined_repair,raw,16,0.22047900390791236,0.057420514329475814,0.3835374934863489,10,4,2,0.625,0.1795654296875,0.6625518989792235
A_controlled_object_binding,raw,4,combined_repair,raw,16,0.5112031838625557,0.36548835750147657,0.6569180102236348,14,1,1,0.875,0.0009765625,1.7190396224468125
A_controlled_object_binding,raw,8,combined_repair,raw,16,0.728267115884865,0.6358288583402802,0.8207053734294498,16,0,0,1.0,3.0517578125e-05,3.8604242038148313
A_controlled_object_binding,raw,16,combined_repair,raw,16,0.8313086863059205,0.8012205661975559,0.8613968064142851,16,0,0,1.0,3.0517578125e-05,13.538275399819984
A_controlled_object_binding,raw,32,combined_repair,raw,16,0.8687345054905439,0.8489106157003959,0.8885583952806918,16,0,0,1.0,3.0517578125e-05,21.47307678747892
A_controlled_object_binding,raw,64,combined_repair,raw,16,0.8803086375224858,0.863584667097464,0.8970326079475076,16,0,0,1.0,3.0517578125e-05,25.79239387679409
A_controlled_object_binding,swap,1,combined_repair,raw,16,0.0,0.0,0.0,0,0,16,0.0,1.0,0.0
A_controlled_object_binding,swap,2,combined_repair,raw,16,0.26792980560283314,0.11172196695008152,0.42413764425558476,10,3,3,0.625,0.09228515625,0.8404546524533557
A_controlled_object_binding,swap,4,combined_repair,raw,16,0.6100509195150255,0.5339185405125821,0.686183298517469,16,0,0,1.0,3.0517578125e-05,3.926383944376267
A_controlled_object_binding,swap,8,combined_repair,raw,16,0.7147926297152196,0.6644965948657292,0.76508866456471,16,0,0,1.0,3.0517578125e-05,6.963737591016205
A_controlled_object_binding,swap,16,combined_repair,raw,16,0.7295879326355921,0.6728120282536169,0.7863638370175673,16,0,0,1.0,3.0517578125e-05,6.296651561660295
A_controlled_object_binding,swap,32,combined_repair,raw,16,0.7664740373613496,0.7294407497680497,0.8035073249546494,16,0,0,1.0,3.0517578125e-05,10.141478186641228
A_controlled_object_binding,swap,64,combined_repair,raw,16,0.7660002297256028,0.7132956709127181,0.8187047885384875,16,0,0,1.0,3.0517578125e-05,7.121587221669061
A_controlled_object_binding,good,1,identity_consistent,raw,16,0.0,0.0,0.0,0,0,16,0.0,1.0,0.0
A_controlled_object_binding,good,2,identity_consistent,raw,16,0.0,0.0,0.0,0,0,16,0.0,1.0,0.0
A_controlled_object_binding,good,4,identity_consistent,raw,16,0.19558219895285042,0.041504395212566936,0.3496600026931339,6,1,9,0.375,0.125,0.6219927540532606
A_controlled_object_binding,good,8,identity_consistent,raw,16,0.07235717434374883,-0.03645301711803978,0.18116736580553744,3,3,10,0.1875,1.0,0.3258427813803437
A_controlled_object_binding,good,16,identity_consistent,raw,16,0.08791425693037444,-0.02053483363317357,0.19636334749392245,4,1,11,0.25,0.375,0.3972185075230394
A_controlled_object_binding,good,32,identity_consistent,raw,16,0.02639787654290551,-0.017884819253385104,0.07068057233919613,2,0,14,0.125,0.5,0.29209964012866646
A_controlled_object_binding,good,64,identity_consistent,raw,16,0.14488894411723238,0.008875798511940258,0.2809020897225245,5,1,10,0.3125,0.21875,0.5219758891796522
A_controlled_object_binding,hidden_property,1,identity_consistent,raw,16,0.0,0.0,0.0,0,0,16,0.0,1.0,0.0
A_controlled_object_binding,hidden_property,2,identity_consistent,raw,16,0.11960288271313092,0.021481210946028395,0.21772455448023345,5,0,11,0.3125,0.0625,0.5972728702435635
A_controlled_object_binding,hidden_property,4,identity_consistent,raw,16,0.15210502906366666,0.0025236374139158135,0.3016864207134175,5,1,10,0.3125,0.21875,0.4982669529891408
A_controlled_object_binding,hidden_property,8,identity_consistent,raw,16,0.3582111019810015,0.23018533170265487,0.4862368722593481,12,0,4,0.75,0.00048828125,1.3710008507590095
A_controlled_object_binding,hidden_property,16,identity_consistent,raw,16,0.3434589537029046,0.2118944739111737,0.4750234334946355,12,0,4,0.75,0.00048828125,1.2791817942110004
A_controlled_object_binding,hidden_property,32,identity_consistent,raw,16,0.6097832720517624,0.552845319466528,0.6667212246369968,16,0,0,1.0,3.0517578125e-05,5.247708948755728
A_controlled_object_binding,hidden_property,64,identity_consistent,raw,16,0.575155772155842,0.4969981669612946,0.6533133773503894,16,0,0,1.0,3.0517578125e-05,3.6058721048943294
A_controlled_object_binding,merge_split,1,identity_consistent,raw,16,0.0,0.0,0.0,0,0,16,0.0,1.0,0.0
A_controlled_object_binding,merge_split,2,identity_consistent,raw,16,0.2098357290479192,0.0865402137732902,0.3331312443225482,9,0,7,0.5625,0.00390625,0.8339273898524189
A_controlled_object_binding,merge_split,4,identity_consistent,raw,16,0.35534503504654913,0.17696691580277996,0.5337231542903182,10,3,3,0.625,0.09228515625,0.9761234612798011
A_controlled_object_binding,merge_split,8,identity_consistent,raw,16,0.5896598075222992,0.5135796028562294,0.665740012188369,16,0,0,1.0,3.0517578125e-05,3.7977461674046347
A_controlled_object_binding,merge_split,16,identity_consistent,raw,16,0.5749952336673672,0.4556193964602881,0.6943710708744462,16,0,0,1.0,3.0517578125e-05,2.3601733071682456
A_controlled_object_binding,merge_split,32,identity_consistent,raw,16,0.5769935388271131,0.4517825581938223,0.702204519460404,16,0,0,1.0,3.0517578125e-05,2.258003512114613
A_controlled_object_binding,merge_split,64,identity_consistent,raw,16,0.6024052309451104,0.48550700071814235,0.7193034611720786,15,0,1,0.9375,6.103515625e-05,2.5250900940928633
A_controlled_object_binding,occlusion,1,identity_consistent,raw,16,0.0,0.0,0.0,0,0,16,0.0,1.0,0.0
A_controlled_object_binding,occlusion,2,identity_consistent,raw,16,0.15525015400699604,0.013750181132477585,0.2967501268815145,5,0,11,0.3125,0.0625,0.5376154773604718
A_controlled_object_binding,occlusion,4,identity_consistent,raw,16,0.2972413575811372,0.11457870960165273,0.4799040055606216,7,0,9,0.4375,0.015625,0.7973620596539012
A_controlled_object_binding,occlusion,8,identity_consistent,raw,16,0.41488050790746617,0.22868773411079765,0.6010732817041347,10,0,6,0.625,0.001953125,1.0918331830464187
A_controlled_object_binding,occlusion,16,identity_consistent,raw,16,0.49309501499423963,0.32029750469094265,0.6658925252975366,11,0,5,0.6875,0.0009765625,1.39826411227273
A_controlled_object_binding,occlusion,32,identity_consistent,raw,16,0.5235228994576485,0.38885977846647035,0.6581860204488267,13,0,3,0.8125,0.000244140625,1.9049478346120678
A_controlled_object_binding,occlusion,64,identity_consistent,raw,16,0.5326037099110157,0.3952635938291573,0.669943825992874,13,0,3,0.8125,0.000244140625,1.9002155036831998
A_controlled_object_binding,raw,1,identity_consistent,raw,16,0.0,0.0,0.0,0,0,16,0.0,1.0,0.0
A_controlled_object_binding,raw,2,identity_consistent,raw,16,0.019836018016844262,-0.05382050088315769,0.09349253691684621,2,1,13,0.125,1.0,0.1319591120162676
A_controlled_object_binding,raw,4,identity_consistent,raw,16,0.2190088359916691,0.07700440799356767,0.3610132639897705,7,0,9,0.4375,0.015625,0.7557111503406966
A_controlled_object_binding,raw,8,identity_consistent,raw,16,0.4930535264906461,0.31558554321401033,0.6705215097672819,12,1,3,0.75,0.00341796875,1.361351064680879
A_controlled_object_binding,raw,16,identity_consistent,raw,16,0.40659164340140524,0.2438513210084602,0.5693319657943503,13,0,3,0.8125,0.000244140625,1.2242196791624727
A_controlled_object_binding,raw,32,identity_consistent,raw,16,0.36808943746717837,0.1874859886712679,0.5486928862630889,10,0,6,0.625,0.001953125,0.998673201211878
A_controlled_object_binding,raw,64,identity_consistent,raw,16,0.6032132809801902,0.4259016174700597,0.7805249444903207,13,0,3,0.8125,0.000244140625,1.6669772412541033
A_controlled_object_binding,swap,1,identity_consistent,raw,16,0.0,0.0,0.0,0,0,16,0.0,1.0,0.0
A_controlled_object_binding,swap,2,identity_consistent,raw,16,0.10992146087606074,-0.010738912655081659,0.23058183440720315,3,1,12,0.1875,0.625,0.44638943385475366
A_controlled_object_binding,swap,4,identity_consistent,raw,16,0.2793988205880382,0.1489906700416097,0.40980697113446674,10,0,6,0.625,0.001953125,1.0498225878864607
A_controlled_object_binding,swap,8,identity_consistent,raw,16,0.3632059203931067,0.21559431625503162,0.5108175245311817,10,0,6,0.625,0.001953125,1.2056701235097296
A_controlled_object_binding,swap,16,identity_consistent,raw,16,0.4130439833843437,0.2652779032446738,0.5608100635240136,11,0,5,0.6875,0.0009765625,1.3696753115940137
A_controlled_object_binding,swap,32,identity_consistent,raw,16,0.319496039773828,0.15732810067791536,0.48166397886974066,10,0,6,0.625,0.001953125,0.9653761425467948
A_controlled_object_binding,swap,64,identity_consistent,raw,16,0.4015446238300562,0.2532605281659249,0.5498287194941874,13,0,3,0.8125,0.000244140625,1.3268912272452253
A_controlled_object_binding,good,1,oracle,raw,16,0.0,0.0,0.0,0,0,16,0.0,1.0,0.0
A_controlled_object_binding,good,2,oracle,raw,16,0.03635682057788906,0.017516274839563802,0.055197366316214316,11,0,5,0.6875,0.0009765625,0.9455587078312099
A_controlled_object_binding,good,4,oracle,raw,16,0.24634327744444656,0.09118324936229746,0.40150330552659563,14,0,2,0.875,0.0001220703125,0.7779594231825618
A_controlled_object_binding,good,8,oracle,raw,16,0.1485504124777693,0.0408376757302137,0.2562631492253249,16,0,0,1.0,3.0517578125e-05,0.6757761831333176
A_controlled_object_binding,good,16,oracle,raw,16,0.1969647849602179,0.08818099673999394,0.3057485731804419,16,0,0,1.0,3.0517578125e-05,0.8871978647693766
A_controlled_object_binding,good,32,oracle,raw,16,0.16099931727054537,0.11613010997455336,0.20586852456653737,16,0,0,1.0,3.0517578125e-05,1.7582139337151643
A_controlled_object_binding,good,64,oracle,raw,16,0.2741940861172509,0.1384150712051605,0.40997310102934126,16,0,0,1.0,3.0517578125e-05,0.9895130133654354
A_controlled_object_binding,hidden_property,1,oracle,raw,16,0.0,0.0,0.0,0,0,16,0.0,1.0,0.0
A_controlled_object_binding,hidden_property,2,oracle,raw,16,0.15725875188891086,0.04831472919084914,0.2662027745869726,8,0,8,0.5,0.0078125,0.7073062524882999
A_controlled_object_binding,hidden_property,4,oracle,raw,16,0.38251374494243684,0.23783831678758333,0.5271891730972904,14,0,2,0.875,0.0001220703125,1.2955326098719147
A_controlled_object_binding,hidden_property,8,oracle,raw,16,0.48902963998130244,0.32826382921466146,0.6497954507479434,14,0,2,0.875,0.0001220703125,1.4905191747433428
A_controlled_object_binding,hidden_property,16,oracle,raw,16,0.583897941424799,0.45658860423252956,0.7112072786170685,16,0,0,1.0,3.0517578125e-05,2.247360622623089
A_controlled_object_binding,hidden_property,32,oracle,raw,16,0.8208147763447529,0.761479872841616,0.8801496798478897,16,0,0,1.0,3.0517578125e-05,6.778459501289424
A_controlled_object_binding,hidden_property,64,oracle,raw,16,0.7961014662634192,0.7341944252010201,0.8580085073258182,16,0,0,1.0,3.0517578125e-05,6.3012173054093354
A_controlled_object_binding,merge_split,1,oracle,raw,16,0.0,0.0,0.0,0,0,16,0.0,1.0,0.0
A_controlled_object_binding,merge_split,2,oracle,raw,16,0.2699713561794611,0.15882913934154164,0.3811135730173806,14,0,2,0.875,0.0001220703125,1.1902404710970516
A_controlled_object_binding,merge_split,4,oracle,raw,16,0.5075233532092367,0.3549884515791752,0.6600582548392981,16,0,0,1.0,3.0517578125e-05,1.6303576454630564
A_controlled_object_binding,merge_split,8,oracle,raw,16,0.6964784822736136,0.6060757876421868,0.7868811769050404,16,0,0,1.0,3.0517578125e-05,3.775047388857732
A_controlled_object_binding,merge_split,16,oracle,raw,16,0.7774315661421978,0.6914434399849728,0.8634196922994227,16,0,0,1.0,3.0517578125e-05,4.430163610184324
A_controlled_object_binding,merge_split,32,oracle,raw,16,0.8113908039952213,0.7177230279159169,0.9050585800745258,16,0,0,1.0,3.0517578125e-05,4.244592010181212
A_controlled_object_binding,merge_split,64,oracle,raw,16,0.9028090557406662,0.8611178922245049,0.9445002192568275,16,0,0,1.0,3.0517578125e-05,10.610796149679118
A_controlled_object_binding,occlusion,1,oracle,raw,16,0.0,0.0,0.0,0,0,16,0.0,1.0,0.0
A_controlled_object_binding,occlusion,2,oracle,raw,16,0.401806086244914,0.23591557444264857,0.5676965980471794,15,0,1,0.9375,6.103515625e-05,1.18683690900108
A_controlled_object_binding,occlusion,4,oracle,raw,16,0.5058149623751739,0.3344739223097244,0.6771560024406234,15,0,1,0.9375,6.103515625e-05,1.446526363264521
A_controlled_object_binding,occlusion,8,oracle,raw,16,0.8818470638728415,0.8639183043961033,0.8997758233495797,16,0,0,1.0,3.0517578125e-05,24.101224731043366
A_controlled_object_binding,occlusion,16,oracle,raw,16,0.8642110596570843,0.8351346062258461,0.8932875130883225,16,0,0,1.0,3.0517578125e-05,14.563791978048613
A_controlled_object_binding,occlusion,32,oracle,raw,16,0.9063379675044093,0.8910976211801253,0.9215783138286934,16,0,0,1.0,3.0517578125e-05,29.140125468770925
A_controlled_object_binding,occlusion,64,oracle,raw,16,0.9111264870125177,0.8803070018638458,0.9419459721611897,16,0,0,1.0,3.0517578125e-05,14.486029746521291
A_controlled_object_binding,raw,1,oracle,raw,16,0.0,0.0,0.0,0,0,16,0.0,1.0,0.0
A_controlled_object_binding,raw,2,oracle,raw,16,0.2850109914319526,0.14322005499621096,0.4268019278676942,12,0,4,0.75,0.00048828125,0.9849387366515301
A_controlled_object_binding,raw,4,oracle,raw,16,0.5161801625090517,0.3740124721231879,0.6583478528949156,14,0,2,0.875,0.0001220703125,1.7790841149838699
A_controlled_object_binding,raw,8,oracle,raw,16,0.7472419160155361,0.6599273189936044,0.8345565130374679,16,0,0,1.0,3.0517578125e-05,4.193440173074876
A_controlled_object_binding,raw,16,oracle,raw,16,0.8543970782139607,0.82831367668734,0.8804804797405814,16,0,0,1.0,3.0517578125e-05,16.050612413322014
A_controlled_object_binding,raw,32,oracle,raw,16,0.8899898748983948,0.8769587921596431,0.9030209576371464,16,0,0,1.0,3.0517578125e-05,33.46575625702681
A_controlled_object_binding,raw,64,oracle,raw,16,0.9047787867830698,0.8968252051248264,0.9127323684413131,16,0,0,1.0,3.0517578125e-05,55.74112702598696
A_controlled_object_binding,swap,1,oracle,raw,16,0.0,0.0,0.0,0,0,16,0.0,1.0,0.0
A_controlled_object_binding,swap,2,oracle,raw,16,0.30042282083043387,0.15481600342339805,0.44602963823746966,12,0,4,0.75,0.00048828125,1.0109910018526334
A_controlled_object_binding,swap,4,oracle,raw,16,0.6275979696299258,0.5525989972678623,0.7025969419919892,16,0,0,1.0,3.0517578125e-05,4.100362917428685
A_controlled_object_binding,swap,8,oracle,raw,16,0.740526691351304,0.6979391093327444,0.7831142733698636,16,0,0,1.0,3.0517578125e-05,8.520278953710173
A_controlled_object_binding,swap,16,oracle,raw,16,0.7953452323204377,0.7487379746020177,0.8419524900388577,16,0,0,1.0,3.0517578125e-05,8.361769881238697
A_controlled_object_binding,swap,32,oracle,raw,16,0.8563817586156837,0.8190397578322699,0.8937237593990974,16,0,0,1.0,3.0517578125e-05,11.237401663492856
A_controlled_object_binding,swap,64,oracle,raw,16,0.8546698116245012,0.7980685788515041,0.9112710443974983,16,0,0,1.0,3.0517578125e-05,7.398923789797702
A_controlled_object_binding,good,1,property_calibrated,raw,16,0.0,0.0,0.0,0,0,16,0.0,1.0,0.0
A_controlled_object_binding,good,2,property_calibrated,raw,16,0.005822685009407649,-0.005589777609031343,0.017235147627846642,1,0,15,0.0625,1.0,0.25
A_controlled_object_binding,good,4,property_calibrated,raw,16,0.03407476788889346,-0.04496198536718391,0.11311152114497083,2,2,12,0.125,1.0,0.21125154535967658
A_controlled_object_binding,good,8,property_calibrated,raw,16,-0.00909511459969349,-0.01984133078945447,0.0016511015900674917,1,4,11,0.0625,0.375,-0.4147139863141851
A_controlled_object_binding,good,16,property_calibrated,raw,16,-0.0034730148133465394,-0.01158545940100553,0.004639429774312451,1,1,14,0.0625,1.0,-0.2097736681158504
A_controlled_object_binding,good,32,property_calibrated,raw,16,0.00991071867401952,-0.0037113948401633814,0.023532832188202422,2,0,14,0.125,0.5,0.356497700978148
A_controlled_object_binding,good,64,property_calibrated,raw,16,0.0229819806637079,-0.0880351571259137,0.1339991184533295,4,1,11,0.25,0.375,0.10143632550279653
A_controlled_object_binding,hidden_property,1,property_calibrated,raw,16,0.0,0.0,0.0,0,0,16,0.0,1.0,0.0
A_controlled_object_binding,hidden_property,2,property_calibrated,raw,16,0.02788837968056888,-0.02677284449334612,0.08254960385448389,1,0,15,0.0625,1.0,0.25
A_controlled_object_binding,hidden_property,4,property_calibrated,raw,16,0.13677378676512691,0.057116993059951424,0.2164305804703024,9,0,7,0.5625,0.00390625,0.8413488969059244
A_controlled_object_binding,hidden_property,8,property_calibrated,raw,16,0.11164504379714142,-0.002495947865203074,0.22578603545948592,7,2,7,0.4375,0.1796875,0.47928505494706525
A_controlled_object_binding,hidden_property,16,property_calibrated,raw,16,0.06560985147456833,-0.0010117857483651904,0.13223148869750184,5,1,10,0.3125,0.21875,0.4825583483480007
A_controlled_object_binding,hidden_property,32,property_calibrated,raw,16,0.11756843283436708,-0.032994164117333497,0.2681310297860676,6,2,8,0.375,0.2890625,0.3826218015309624
A_controlled_object_binding,hidden_property,64,property_calibrated,raw,16,0.14338599840837846,0.05148354870867723,0.2352884481080797,9,2,5,0.5625,0.0654296875,0.7644969143878421
A_controlled_object_binding,merge_split,1,property_calibrated,raw,16,0.0,0.0,0.0,0,0,16,0.0,1.0,0.0
A_controlled_object_binding,merge_split,2,property_calibrated,raw,16,0.03910971256550644,-0.0133111996326657,0.09153062476367857,2,0,14,0.125,0.5,0.36557469821683825
A_controlled_object_binding,merge_split,4,property_calibrated,raw,16,-0.0033258885482205427,-0.03351129554598555,0.02685951844954447,1,2,13,0.0625,1.0,-0.05398918055829862
A_controlled_object_binding,merge_split,8,property_calibrated,raw,16,0.0436967566134551,-0.005096075033979984,0.09248958826089018,3,1,12,0.1875,0.625,0.4388228765919254
A_controlled_object_binding,merge_split,16,property_calibrated,raw,16,0.0420868057332289,-0.01733077298951284,0.10150438445597064,5,1,10,0.3125,0.21875,0.3470780070913425
A_controlled_object_binding,merge_split,32,property_calibrated,raw,16,0.01961828231603,-0.0344800199570901,0.0737165845891501,1,2,13,0.0625,1.0,0.1776942700775123
A_controlled_object_binding,merge_split,64,property_calibrated,raw,16,0.0010724609529277254,-0.024788619924294826,0.02693354183015028,1,1,14,0.0625,1.0,0.020320336548555896
A_controlled_object_binding,occlusion,1,property_calibrated,raw,16,0.0,0.0,0.0,0,0,16,0.0,1.0,0.0
A_controlled_object_binding,occlusion,2,property_calibrated,raw,16,0.011528938337447595,-0.011067780803949689,0.03412565747884488,1,0,15,0.0625,1.0,0.25
A_controlled_object_binding,occlusion,4,property_calibrated,raw,16,-0.00443457334888131,-0.07011258337860503,0.06124343668084241,4,2,10,0.25,0.6875,-0.03308475606932122
A_controlled_object_binding,occlusion,8,property_calibrated,raw,16,0.023593300007710056,-0.00625275540664804,0.05343935542206815,4,1,11,0.25,0.375,0.387344888404127
A_controlled_object_binding,occlusion,16,property_calibrated,raw,16,0.0450933087436107,-0.007740483744246636,0.09792710123146803,5,1,10,0.3125,0.21875,0.4182119102929711
A_controlled_object_binding,occlusion,32,property_calibrated,raw,16,0.02195204789808402,-0.0020424571172357707,0.04594655291340381,4,1,11,0.25,0.375,0.44829028409602345
A_controlled_object_binding,occlusion,64,property_calibrated,raw,16,-0.010483791536907294,-0.03103202294924559,0.010064439875431002,0,1,15,0.0,1.0,-0.25
A_controlled_object_binding,raw,1,property_calibrated,raw,16,0.0,0.0,0.0,0,0,16,0.0,1.0,0.0
A_controlled_object_binding,raw,2,property_calibrated,raw,16,0.011836371059230603,-0.05189074279024776,0.07556348490870897,3,2,11,0.1875,1.0,0.09101026970595295
A_controlled_object_binding,raw,4,property_calibrated,raw,16,-0.001009366752874958,-0.030954856624958182,0.028936123119208266,1,2,13,0.0625,1.0,-0.016516333879373676
A_controlled_object_binding,raw,8,property_calibrated,raw,16,-0.02349938549892199,-0.06749675154153267,0.020497980543688697,1,3,12,0.0625,0.625,-0.2617133690075899
A_controlled_object_binding,raw,16,property_calibrated,raw,16,0.015475239900902436,-0.008428315641134396,0.03937879544293927,2,0,14,0.125,0.5,0.31722759980652043
A_controlled_object_binding,raw,32,property_calibrated,raw,16,0.009372753463419058,-0.0034099459455922427,0.022155452872430356,2,1,13,0.125,1.0,0.3592863330446229
A_controlled_object_binding,raw,64,property_calibrated,raw,16,0.0,0.0,0.0,0,0,16,0.0,1.0,0.0
A_controlled_object_binding,swap,1,property_calibrated,raw,16,0.0,0.0,0.0,0,0,16,0.0,1.0,0.0
A_controlled_object_binding,swap,2,property_calibrated,raw,16,0.005822685009407649,-0.005589777609031343,0.017235147627846642,1,0,15,0.0625,1.0,0.25
A_controlled_object_binding,swap,4,property_calibrated,raw,16,-0.01917600401854194,-0.05676097189488413,0.01840896385780026,0,1,15,0.0,1.0,-0.25
A_controlled_object_binding,swap,8,property_calibrated,raw,16,0.06324638831260831,0.020348499525094016,0.10614427710012261,8,2,6,0.5,0.109375,0.7224301975951348
A_controlled_object_binding,swap,16,property_calibrated,raw,16,0.07797370179239557,0.031047127463321944,0.1249002761214692,11,0,5,0.6875,0.0009765625,0.8141892823956338
A_controlled_object_binding,swap,32,property_calibrated,raw,16,0.06831860673095719,0.016086013926756466,0.12055119953515792,8,1,7,0.5,0.0390625,0.6409047589051861
A_controlled_object_binding,swap,64,property_calibrated,raw,16,-0.011989829267457798,-0.058899945126437876,0.03492028659152228,3,3,10,0.1875,1.0,-0.1252398599635873
A_controlled_object_binding,good,1,random,raw,16,0.0,0.0,0.0,0,0,16,0.0,1.0,0.0
A_controlled_object_binding,good,2,random,raw,16,0.008340056565707903,-0.025138421252770562,0.04181853438418637,5,2,9,0.3125,0.453125,0.12206730961170689
A_controlled_object_binding,good,4,random,raw,16,0.1427188916775289,-0.012002431782126066,0.2974402151371839,8,6,2,0.5,0.79052734375,0.45198848716043105
A_controlled_object_binding,good,8,random,raw,16,0.10088561287621206,-0.013344259996492233,0.21511548574891637,12,3,1,0.75,0.03515625,0.4327585163684128
A_controlled_object_binding,good,16,random,raw,16,0.06298745213545648,-0.025566451709373522,0.15154135598028648,10,5,1,0.625,0.3017578125,0.3485318004777672
A_controlled_object_binding,good,32,random,raw,16,0.10406105128382437,0.05038095366862044,0.1577411488990283,14,2,0,0.875,0.004180908203125,0.9498849181420259
A_controlled_object_binding,good,64,random,raw,16,0.12622532222246863,-0.03193559068311996,0.2843862351280572,12,3,1,0.75,0.03515625,0.3910600081445544
A_controlled_object_binding,hidden_property,1,random,raw,16,0.0,0.0,0.0,0,0,16,0.0,1.0,0.0
A_controlled_object_binding,hidden_property,2,random,raw,16,0.1117929790345003,0.004347696997831302,0.2192382610711693,5,3,8,0.3125,0.7265625,0.5098275018554121
A_controlled_object_binding,hidden_property,4,random,raw,16,0.1653865726055701,0.004652262678432717,0.3261208825327075,9,4,3,0.5625,0.266845703125,0.5041824649227996
A_controlled_object_binding,hidden_property,8,random,raw,16,0.3427162157730056,0.16741267578066518,0.518019755765346,13,3,0,0.8125,0.021270751953125,0.957943836936266
A_controlled_object_binding,hidden_property,16,random,raw,16,0.3889287169592068,0.23135890533009437,0.5464985285883192,14,2,0,0.875,0.004180908203125,1.209464359572801
A_controlled_object_binding,hidden_property,32,random,raw,16,0.665190923476999,0.5761529870749639,0.7542288598790342,16,0,0,1.0,3.0517578125e-05,3.6607267157674084
A_controlled_object_binding,hidden_property,64,random,raw,16,0.43018216132891013,0.28666099499886455,0.5737033276589557,15,0,1,0.9375,6.103515625e-05,1.4686980634370588
A_controlled_object_binding,merge_split,1,random,raw,16,0.0,0.0,0.0,0,0,16,0.0,1.0,0.0
A_controlled_object_binding,merge_split,2,random,raw,16,0.1291546636124615,0.006137796733016496,0.2521715304919065,6,0,10,0.375,0.03125,0.5144480328224049
A_controlled_object_binding,merge_split,4,random,raw,16,0.2635524116369746,0.09286850956919418,0.4342363137047551,10,2,4,0.625,0.03857421875,0.7566072730797682
A_controlled_object_binding,merge_split,8,random,raw,16,0.4543291007230924,0.29782966062686256,0.6108285408193223,14,0,2,0.875,0.0001220703125,1.4225051490115737
A_controlled_object_binding,merge_split,16,random,raw,16,0.525439737651764,0.39025818527716416,0.6606212900263638,16,0,0,1.0,3.0517578125e-05,1.904590285632355
A_controlled_object_binding,merge_split,32,random,raw,16,0.5196120170277451,0.3554119402433446,0.6838120938121455,14,0,2,0.875,0.0001220703125,1.5506076082894003
A_controlled_object_binding,merge_split,64,random,raw,16,0.74788470488975,0.6705197919468548,0.8252496178326452,16,0,0,1.0,3.0517578125e-05,4.7368179121001885
A_controlled_object_binding,occlusion,1,random,raw,16,0.0,0.0,0.0,0,0,16,0.0,1.0,0.0
A_controlled_object_binding,occlusion,2,random,raw,16,0.1740520767702255,0.011666873021964674,0.3364372805184863,6,0,10,0.375,0.03125,0.5252049795720622
A_controlled_object_binding,occlusion,4,random,raw,16,0.2445555644617487,0.060840377143138336,0.42827075178035906,11,1,4,0.6875,0.00634765625,0.6522717491964141
A_controlled_object_binding,occlusion,8,random,raw,16,0.41500527502912565,0.23542832548689283,0.5945822245713585,13,0,3,0.8125,0.000244140625,1.132398034840475
A_controlled_object_binding,occlusion,16,random,raw,16,0.5191527519478154,0.3553668443341972,0.6829386595614336,15,0,1,0.9375,6.103515625e-05,1.5531546771077538
A_controlled_object_binding,occlusion,32,random,raw,16,0.42449598928834886,0.21918223389695132,0.6298097446797464,12,1,3,0.75,0.00341796875,1.0130983886333709
A_controlled_object_binding,occlusion,64,random,raw,16,0.5163189150355133,0.345918493252563,0.6867193368184636,15,0,1,0.9375,6.103515625e-05,1.4847162097383702
A_controlled_object_binding,raw,1,random,raw,16,0.0,0.0,0.0,0,0,16,0.0,1.0,0.0
A_controlled_object_binding,raw,2,random,raw,16,0.15085761905611916,0.009240963420016485,0.29247427469222187,5,3,8,0.3125,0.7265625,0.5219741491950168
A_controlled_object_binding,raw,4,random,raw,16,0.10356024782392496,-0.0756827277498651,0.282803223397715,8,4,4,0.5,0.3876953125,0.2831046587531846
A_controlled_object_binding,raw,8,random,raw,16,0.34920341223693185,0.17118961397360222,0.5272172105002615,12,2,2,0.75,0.012939453125,0.9612157802676622
A_controlled_object_binding,raw,16,random,raw,16,0.32237205173572175,0.17634897208607628,0.46839513138536726,13,0,3,0.8125,0.000244140625,1.0817625934852495
A_controlled_object_binding,raw,32,random,raw,16,0.518758473033522,0.33858473977069325,0.6989322062963507,14,0,2,0.875,0.0001220703125,1.4108141468968913
A_controlled_object_binding,raw,64,random,raw,16,0.4505952575667259,0.2762235799424003,0.6249669351910515,11,0,5,0.6875,0.0009765625,1.2662129493493746
A_controlled_object_binding,swap,1,random,raw,16,0.0,0.0,0.0,0,0,16,0.0,1.0,0.0
A_controlled_object_binding,swap,2,random,raw,16,0.1930779953905195,0.049787355156022284,0.33636863562501673,7,1,8,0.4375,0.0703125,0.6602539955612371
A_controlled_object_binding,swap,4,random,raw,16,0.37744662538768486,0.199288742452895,0.5556045083224748,10,1,5,0.625,0.01171875,1.0381176706486872
A_controlled_object_binding,swap,8,random,raw,16,0.38891253797376846,0.21796390447430178,0.5598611714732351,14,1,1,0.875,0.0009765625,1.1147626026957453
A_controlled_object_binding,swap,16,random,raw,16,0.5475099141464155,0.39176954166640676,0.7032502866264242,16,0,0,1.0,3.0517578125e-05,1.7226095819578238
A_controlled_object_binding,swap,32,random,raw,16,0.4013010943927554,0.25620895997466764,0.5463932288108432,14,1,1,0.875,0.0009765625,1.3552597943444171
A_controlled_object_binding,swap,64,random,raw,16,0.5747372895890888,0.44699709153315614,0.7024774876450214,15,1,0,0.9375,0.000518798828125,2.2046409523754003
A_controlled_object_binding,good,1,targeted_probe,raw,16,0.0,0.0,0.0,0,0,16,0.0,1.0,0.0
A_controlled_object_binding,good,2,targeted_probe,raw,16,0.005822685009407649,-0.005589777609031343,0.017235147627846642,1,0,15,0.0625,1.0,0.25
A_controlled_object_binding,good,4,targeted_probe,raw,16,0.20822876749397753,0.04907444745013398,0.3673830875378211,7,1,8,0.4375,0.0703125,0.6410890765889444
A_controlled_object_binding,good,8,targeted_probe,raw,16,0.0778926284578332,-0.038293259710574734,0.19407851662624112,4,4,8,0.25,1.0,0.3285027858892449
A_controlled_object_binding,good,16,targeted_probe,raw,16,0.09378576320148103,-0.012005104483741397,0.19957663088670347,5,2,9,0.3125,0.453125,0.43439500000570475
A_controlled_object_binding,good,32,targeted_probe,raw,16,0.028114522100872143,-0.016185498423880392,0.07241454262562468,3,1,12,0.1875,0.625,0.3109731252095014
A_controlled_object_binding,good,64,targeted_probe,raw,16,0.15178196483637896,0.016743479545521273,0.28682045012723667,7,0,9,0.4375,0.015625,0.5507553095670042
A_controlled_object_binding,hidden_property,1,targeted_probe,raw,16,0.0,0.0,0.0,0,0,16,0.0,1.0,0.0
A_controlled_object_binding,hidden_property,2,targeted_probe,raw,16,0.05088793892730637,-0.017606103439985442,0.11938198129459818,2,0,14,0.125,0.5,0.3640475757098468
A_controlled_object_binding,hidden_property,4,targeted_probe,raw,16,0.27489706673586767,0.14599047043972183,0.40380366303201354,13,0,3,0.8125,0.000244140625,1.0449392550178018
A_controlled_object_binding,hidden_property,8,targeted_probe,raw,16,0.3729009875937267,0.19597547751339814,0.5498264976740552,12,1,3,0.75,0.00341796875,1.0327594016146457
A_controlled_object_binding,hidden_property,16,targeted_probe,raw,16,0.5075671178226326,0.34582696371863547,0.6693072719266298,14,1,1,0.875,0.0009765625,1.5377003262478253
A_controlled_object_binding,hidden_property,32,targeted_probe,raw,16,0.79638404697236,0.7359677261016181,0.8568003678431019,16,0,0,1.0,3.0517578125e-05,6.458986204263132
A_controlled_object_binding,hidden_property,64,targeted_probe,raw,16,0.7747901941902325,0.7150164710747176,0.8345639173057475,16,0,0,1.0,3.0517578125e-05,6.351406192643071
A_controlled_object_binding,merge_split,1,targeted_probe,raw,16,0.0,0.0,0.0,0,0,16,0.0,1.0,0.0
A_controlled_object_binding,merge_split,2,targeted_probe,raw,16,0.13382174189185692,0.05569558399158531,0.21194789979212852,7,0,9,0.4375,0.015625,0.8393175255170447
A_controlled_object_binding,merge_split,4,targeted_probe,raw,16,0.31773668003320116,0.14180168697919213,0.49367167308721016,10,1,5,0.625,0.01171875,0.8849346597494343
A_controlled_object_binding,merge_split,8,targeted_probe,raw,16,0.46303757897364567,0.34568468403338715,0.5803904739139042,14,0,2,0.875,0.0001220703125,1.9333857406124468
A_controlled_object_binding,merge_split,16,targeted_probe,raw,16,0.4467357677780691,0.2644078758312379,0.6290636597249003,12,1,3,0.75,0.00341796875,1.2005871612615786
A_controlled_object_binding,merge_split,32,targeted_probe,raw,16,0.45431937084127877,0.27498063159908415,0.6336581100834734,13,1,2,0.8125,0.0018310546875,1.2413184828492967
A_controlled_object_binding,merge_split,64,targeted_probe,raw,16,0.6677585420459526,0.5260904755461695,0.8094266085457358,15,0,1,0.9375,6.103515625e-05,2.309636135275537
A_controlled_object_binding,occlusion,1,targeted_probe,raw,16,0.0,0.0,0.0,0,0,16,0.0,1.0,0.0
A_controlled_object_binding,occlusion,2,targeted_probe,raw,16,0.14717599725095132,0.003979015975521,0.29037297852638166,5,0,11,0.3125,0.0625,0.503615634985036
A_controlled_object_binding,occlusion,4,targeted_probe,raw,16,0.20939384128701422,0.006500308689027262,0.41228737388500114,8,2,6,0.5,0.109375,0.5056986337456818
A_controlled_object_binding,occlusion,8,targeted_probe,raw,16,0.39155060766205124,0.1920406661051876,0.5910605492189149,11,0,5,0.6875,0.0009765625,0.9616553253298502
A_controlled_object_binding,occlusion,16,targeted_probe,raw,16,0.19714807412407503,0.05376704255753312,0.34052910569061695,11,1,4,0.6875,0.00634765625,0.6737471147009034
A_controlled_object_binding,occlusion,32,targeted_probe,raw,16,0.28489686189573343,0.1112863842636038,0.45850733952786304,14,0,2,0.875,0.0001220703125,0.8040958370307143
A_controlled_object_binding,occlusion,64,targeted_probe,raw,16,0.33348271915974503,0.141528718165786,0.525436720153704,14,1,1,0.875,0.0009765625,0.8512796375284598
A_controlled_object_binding,raw,1,targeted_probe,raw,16,0.0,0.0,0.0,0,0,16,0.0,1.0,0.0
A_controlled_object_binding,raw,2,targeted_probe,raw,16,0.13966520683537534,-0.011509895890224692,0.2908403095609754,8,4,4,0.5,0.3876953125,0.45269326837206075
A_controlled_object_binding,raw,4,targeted_probe,raw,16,0.2386455344860376,0.10286159495649921,0.37442947401557597,9,1,6,0.5625,0.021484375,0.8611939843792804
A_controlled_object_binding,raw,8,targeted_probe,raw,16,0.3892418596596642,0.1657294449567153,0.6127542743626131,10,3,3,0.625,0.09228515625,0.8533240155215372
A_controlled_object_binding,raw,16,targeted_probe,raw,16,0.2039948343447855,0.06516906411930085,0.34282060457027014,12,0,4,0.75,0.00048828125,0.720020992259515
A_controlled_object_binding,raw,32,targeted_probe,raw,16,0.5106027615320968,0.31686469325303357,0.7043408298111601,15,0,1,0.9375,6.103515625e-05,1.2914103839950661
A_controlled_object_binding,raw,64,targeted_probe,raw,16,0.39089320975760816,0.21692365446898185,0.5648627650462344,16,0,0,1.0,3.0517578125e-05,1.1009838615926508
A_controlled_object_binding,swap,1,targeted_probe,raw,16,0.0,0.0,0.0,0,0,16,0.0,1.0,0.0
A_controlled_object_binding,swap,2,targeted_probe,raw,16,0.005822685009407649,-0.005589777609031343,0.017235147627846642,1,0,15,0.0625,1.0,0.25
A_controlled_object_binding,swap,4,targeted_probe,raw,16,0.2551661212535871,0.11413926392782209,0.39619297857935215,8,0,8,0.5,0.0078125,0.8865786403042462
A_controlled_object_binding,swap,8,targeted_probe,raw,16,0.2593161138265111,0.10236966238572112,0.4162625652673011,10,1,5,0.625,0.01171875,0.809606681823751
A_controlled_object_binding,swap,16,targeted_probe,raw,16,0.35562944598353186,0.21023471123904341,0.5010241807280202,15,0,1,0.9375,6.103515625e-05,1.1985195257460057
A_controlled_object_binding,swap,32,targeted_probe,raw,16,0.26475927184456727,0.10800733993896022,0.4215112037501743,12,0,4,0.75,0.00048828125,0.8276264389644656
A_controlled_object_binding,swap,64,targeted_probe,raw,16,0.14981300721714014,0.04704550173286125,0.252580512701419,14,1,1,0.875,0.0009765625,0.714315027794739
